#Sourced as zoneid 27
INSERT INTO `zone` (`short_name`, `id`, `file_name`, `long_name`, `map_file_name`, `safe_x`, `safe_y`, `safe_z`, `graveyard_id`, `min_level`, `min_status`, `zoneidnumber`, `version`, `timezone`, `maxclients`, `ruleset`, `note`, `underworld`, `minclip`, `maxclip`, `fog_minclip`, `fog_maxclip`, `fog_blue`, `fog_red`, `fog_green`, `sky`, `ztype`, `zone_exp_multiplier`, `walkspeed`, `time_type`, `fog_red1`, `fog_green1`, `fog_blue1`, `fog_minclip1`, `fog_maxclip1`, `fog_red2`, `fog_green2`, `fog_blue2`, `fog_minclip2`, `fog_maxclip2`, `fog_red3`, `fog_green3`, `fog_blue3`, `fog_minclip3`, `fog_maxclip3`, `fog_red4`, `fog_green4`, `fog_blue4`, `fog_minclip4`, `fog_maxclip4`, `fog_density`, `flag_needed`, `canbind`, `cancombat`, `canlevitate`, `castoutdoor`, `hotzone`, `insttype`, `shutdowndelay`, `peqzone`, `expansion`, `suspendbuffs`, `rain_chance1`, `rain_chance2`, `rain_chance3`, `rain_chance4`, `rain_duration1`, `rain_duration2`, `rain_duration3`, `rain_duration4`, `snow_chance1`, `snow_chance2`, `snow_chance3`, `snow_chance4`, `snow_duration1`, `snow_duration2`, `snow_duration3`, `snow_duration4`, `gravity`, `type`, `skylock`, `skip_los`, `music`)
VALUES
	('oldlavastorm', 500, '', 'The Lavastorm Mountains', NULL, 154, -1833, -15, 0, 0, 0, 500, 0, 0, 0, 0, '', -368, 600, 1400, 10, 800, 10, 255, 50, 1, 255, 0.75, 0.4, 1, 255, 50, 10, 10, 800, 255, 10, 10, 10, 800, 255, 10, 10, 10, 800, 255, 10, 10, 10, 800, 0.33, '', 1, 1, 1, 1, 0, 0, 518400000, 1, 1, 0, 5, 5, 0, 0, 0, 0, 0, 0, 0, 0, 0, 0, 0, 0, 0, 0, 0.4, 0, 0, 0, 2);

INSERT INTO `npc_types` (`id`, `name`, `lastname`, `level`, `race`, `class`, `bodytype`, `hp`, `mana`, `gender`, `texture`, `helmtexture`, `herosforgemodel`, `size`, `hp_regen_rate`, `mana_regen_rate`, `loottable_id`, `merchant_id`, `alt_currency_id`, `npc_spells_id`, `npc_spells_effects_id`, `npc_faction_id`, `adventure_template_id`, `trap_template`, `mindmg`, `maxdmg`, `attack_count`, `npcspecialattks`, `special_abilities`, `aggroradius`, `assistradius`, `face`, `luclin_hairstyle`, `luclin_haircolor`, `luclin_eyecolor`, `luclin_eyecolor2`, `luclin_beardcolor`, `luclin_beard`, `drakkin_heritage`, `drakkin_tattoo`, `drakkin_details`, `armortint_id`, `armortint_red`, `armortint_green`, `armortint_blue`, `d_melee_texture1`, `d_melee_texture2`, `ammo_idfile`, `prim_melee_type`, `sec_melee_type`, `ranged_type`, `runspeed`, `MR`, `CR`, `DR`, `FR`, `PR`, `Corrup`, `PhR`, `see_invis`, `see_invis_undead`, `qglobal`, `AC`, `npc_aggro`, `spawn_limit`, `attack_speed`, `attack_delay`, `findable`, `STR`, `STA`, `DEX`, `AGI`, `_INT`, `WIS`, `CHA`, `see_hide`, `see_improved_hide`, `trackable`, `isbot`, `exclude`, `ATK`, `Accuracy`, `Avoidance`, `slow_mitigation`, `version`, `maxlevel`, `scalerate`, `private_corpse`, `unique_spawn_by_name`, `underwater`, `isquest`, `emoteid`, `spellscale`, `healscale`, `no_target_hotkey`, `raid_target`, `chesttexture`, `armtexture`, `bracertexture`, `handtexture`, `legtexture`, `feettexture`, `light`, `walkspeed`, `peqid`, `unique_`, `fixed`, `combat_hp_regen`, `combat_mana_regen`, `aggro_pc`, `ignore_distance`, `ignore_despawn`, `show_name`, `untargetable`, `disable_instance`)
VALUES
	(500001, 'a_warbone_monk', '', 18, 60, 7, 3, 497, 0, 2, 4, 0, 0, 6, 15, 0, 93428, 0, 0, 0, 0, 79, 0, 0, 2, 37, -1, '', '10,1^21,1', 70, 0, 0, 255, 255, 255, 255, 255, 255, 0, 0, 0, 0, 0, 0, 0, 0, 0, 'IT10', 28, 28, 7, 1.325, 25, 25, 25, 25, 25, 7, 9, 1, 0, 0, 78, 0, 0, 0, 30, 0, 60, 60, 60, 60, 60, 60, 60, 0, 0, 1, 0, 1, 0, 0, 0, 0, 0, 20, 0, 0, 0, 0, 0, 0, 100, 100, 0, 0, 0, 0, 0, 0, 0, 0, 0, 1, 0, 0, 0, 2, 0, 0, 2000, 0, 1, 0, 0),
	(500002, 'goblin_warrior', '', 9, 40, 1, 1, 220, 0, 2, 1, 0, 0, 6, 7, 0, 302, 0, 0, 0, 0, 244, 0, 0, 1, 20, -1, '', '10,1', 0, 0, 0, 255, 255, 255, 255, 255, 255, 0, 0, 0, 0, 0, 0, 0, 0, 0, 'IT10', 28, 28, 7, 1.325, 15, 15, 15, 15, 15, 0, 10, 0, 1, 0, 31, 0, 0, 0, 30, 0, 32, 32, 32, 32, 32, 32, 32, 0, 0, 1, 0, 1, 0, 0, 0, 0, 0, 11, 0, 0, 0, 0, 0, 0, 100, 100, 0, 0, 0, 0, 0, 0, 0, 0, 0, 1, 0, 1, 0, 1, 0, 0, 2000, 0, 1, 0, 0),
	(500003, 'goblin_scout', '', 9, 40, 1, 1, 220, 0, 2, 1, 0, 0, 6, 7, 0, 302, 0, 0, 0, 0, 244, 0, 0, 1, 20, -1, '', '10,1', 0, 0, 0, 255, 255, 255, 255, 255, 255, 0, 0, 0, 0, 0, 0, 0, 0, 0, 'IT10', 28, 28, 7, 1.325, 15, 15, 15, 15, 15, 0, 10, 0, 1, 0, 31, 0, 0, 0, 30, 0, 32, 32, 32, 32, 32, 32, 32, 0, 0, 1, 0, 1, 0, 0, 0, 0, 0, 11, 0, 0, 0, 0, 1, 0, 100, 100, 0, 0, 0, 0, 0, 0, 0, 0, 0, 1, 0, 1, 0, 1, 0, 0, 2000, 0, 1, 0, 0),
	(500004, 'a_rock_dervish', '', 12, 100, 1, 7, 310, 0, 2, 0, 2, 0, 6, 9, 0, 3530, 0, 0, 0, 0, 914, 0, 0, 1, 26, -1, '', '10,1^23,1^10,1', 55, 0, 0, 255, 255, 255, 255, 255, 255, 0, 0, 0, 0, 0, 0, 0, 0, 0, 'IT10', 28, 28, 7, 1.325, 25, 25, 25, 25, 25, 0, 10, 0, 1, 0, 40, 0, 0, 0, 30, 0, 41, 41, 41, 41, 41, 41, 41, 0, 0, 1, 0, 1, 0, 0, 0, 0, 0, 14, 0, 0, 0, 0, 0, 255, 100, 100, 0, 0, 0, 0, 0, 0, 0, 0, 0, 1, 27004, 0, 0, 2, 0, 0, 2000, 0, 1, 0, 0),
	(500005, 'a_warbone_spearman', '', 18, 60, 1, 3, 497, 0, 2, 4, 0, 0, 6, 15, 0, 93429, 0, 0, 0, 0, 79, 0, 0, 2, 37, -1, '', '10,1^21,1', 70, 0, 0, 255, 255, 255, 255, 255, 255, 0, 0, 0, 0, 0, 0, 0, 0, 0, 'IT10', 28, 28, 7, 1.325, 25, 25, 25, 25, 25, 7, 9, 1, 0, 0, 78, 0, 0, 0, 30, 0, 60, 60, 60, 60, 60, 60, 60, 0, 0, 1, 0, 1, 0, 0, 0, 0, 0, 20, 0, 0, 0, 0, 0, 0, 100, 100, 0, 0, 0, 0, 0, 0, 0, 0, 0, 1, 0, 0, 0, 2, 0, 0, 2000, 0, 1, 0, 0),
	(500006, 'Tisella', '', 12, 71, 1, 1, 266, 0, 1, 1, 0, 0, 6, 8, 0, 93431, 0, 0, 0, 0, 244, 0, 0, 1, 26, -1, '', '10,1', 70, 0, 0, 255, 255, 255, 255, 255, 255, 0, 0, 0, 0, 0, 0, 0, 0, 0, 'IT10', 28, 28, 7, 1.325, 25, 25, 25, 25, 25, 6, 10, 0, 1, 0, 40, 0, 0, 0, 30, 0, 41, 41, 41, 41, 41, 41, 41, 0, 0, 1, 0, 1, 0, 0, 0, 0, 0, 14, 0, 0, 0, 0, 0, 113, 100, 100, 0, 0, 0, 0, 0, 0, 0, 0, 0, 1, 0, 0, 0, 1, 0, 0, 2000, 0, 1, 0, 0),
	(500008, 'a_fire_drake', '', 9, 89, 1, 26, 220, 0, 2, 2, 0, 0, 8, 7, 0, 3516, 0, 0, 1081, 0, 0, 0, 0, 1, 20, -1, '', '10,1', 55, 0, 0, 255, 255, 255, 255, 255, 255, 0, 0, 0, 0, 0, 0, 0, 0, 0, 'IT10', 28, 28, 7, 1.325, 15, 15, 15, 15, 15, 0, 10, 0, 1, 0, 31, 0, 0, 0, 30, 0, 32, 32, 32, 32, 32, 32, 32, 0, 0, 1, 0, 1, 0, 0, 0, 0, 0, 11, 0, 0, 0, 0, 0, 245, 100, 100, 0, 0, 0, 0, 0, 0, 0, 0, 0, 1, 27008, 0, 0, 1, 0, 0, 2000, 0, 1, 0, 0),
	(500016, 'Jengo_Smirt', '', 35, 71, 41, 1, 1675, 0, 0, 2, 0, 0, 6, 50, 0, 0, 27016, 0, 0, 0, 0, 0, 0, 14, 78, -1, '', '10,1', 55, 0, 0, 255, 255, 255, 255, 255, 255, 0, 0, 0, 0, 0, 0, 0, 0, 0, 'IT10', 28, 28, 7, 1.325, 25, 25, 25, 25, 25, 0, 10, 0, 1, 0, 148, 0, 0, 0, 30, 0, 112, 112, 112, 112, 112, 112, 112, 0, 0, 1, 0, 1, 0, 0, 0, 0, 0, 0, 0, 0, 0, 0, 0, 0, 100, 100, 0, 0, 0, 0, 0, 0, 0, 0, 0, 1, 27016, 1, 0, 8, 0, 0, 2000, 0, 1, 0, 0),
	(500017, 'Cyspeth_Romtai', '', 35, 71, 41, 1, 1675, 0, 1, 0, 0, 0, 6, 50, 0, 0, 27017, 0, 0, 0, 0, 0, 0, 14, 78, -1, '', '10,1', 55, 0, 0, 255, 255, 255, 255, 255, 255, 0, 0, 0, 0, 0, 0, 0, 0, 0, 'IT10', 28, 28, 7, 1.325, 25, 25, 25, 25, 25, 0, 10, 0, 1, 0, 148, 0, 0, 0, 30, 0, 112, 112, 112, 112, 112, 112, 112, 0, 0, 1, 0, 1, 0, 0, 0, 0, 0, 0, 0, 0, 0, 0, 0, 0, 100, 100, 0, 0, 0, 0, 0, 0, 0, 0, 0, 1, 27017, 1, 0, 8, 0, 0, 2000, 0, 1, 0, 0),
	(500018, 'Tizina', '', 30, 71, 14, 1, 627, 1260, 1, 0, 0, 0, 6, 19, 38, 91811, 0, 0, 517, 0, 614, 0, 0, 12, 68, -1, '', '10,1', 55, 0, 0, 255, 255, 255, 255, 255, 255, 0, 0, 0, 0, 0, 0, 0, 0, 0, 'IT10', 28, 28, 7, 1.325, 25, 25, 25, 25, 25, 0, 10, 1, 1, 0, 127, 0, 0, 0, 30, 0, 97, 97, 97, 97, 97, 97, 97, 0, 0, 1, 0, 1, 0, 0, 0, 0, 0, 0, 0, 0, 0, 0, 1, 0, 100, 100, 0, 0, 0, 0, 0, 0, 0, 0, 0, 1, 27018, 1, 0, 3, 0, 0, 2000, 0, 1, 0, 0),
	(500019, 'Jenah_Wheelspinner', '', 35, 71, 41, 1, 1675, 0, 1, 0, 0, 0, 6, 50, 0, 0, 27019, 0, 0, 0, 0, 0, 0, 14, 78, -1, '', '10,1', 55, 0, 0, 255, 255, 255, 255, 255, 255, 0, 0, 0, 0, 0, 0, 0, 0, 0, 'IT10', 28, 28, 7, 1.325, 25, 25, 25, 25, 25, 0, 10, 0, 1, 0, 148, 0, 0, 0, 30, 0, 112, 112, 112, 112, 112, 112, 112, 0, 0, 1, 0, 1, 0, 0, 0, 0, 0, 0, 0, 0, 0, 0, 0, 0, 100, 100, 0, 0, 0, 0, 0, 0, 0, 0, 0, 1, 27019, 1, 0, 8, 0, 0, 2000, 0, 1, 0, 0),
	(500027, 'a_fire_goblin_scout', '', 9, 40, 1, 1, 220, 0, 2, 1, 0, 0, 6, 7, 0, 302, 0, 0, 0, 0, 244, 0, 0, 1, 20, -1, '', '10,1', 55, 0, 0, 255, 255, 255, 255, 255, 255, 0, 0, 0, 0, 0, 0, 0, 0, 0, 'IT10', 28, 28, 7, 1.325, 15, 15, 15, 15, 15, 0, 10, 0, 1, 0, 31, 0, 0, 0, 30, 0, 32, 32, 32, 32, 32, 32, 32, 0, 0, 1, 0, 1, 0, 0, 0, 0, 0, 11, 0, 0, 0, 0, 0, 242, 100, 100, 0, 0, 0, 0, 0, 0, 0, 0, 0, 1, 27027, 0, 0, 1, 0, 0, 2000, 0, 1, 0, 0),
	(500034, 'a_lava_basilisk', '', 11, 91, 1, 21, 280, 0, 2, 1, 1, 0, 10, 8, 0, 5366, 0, 0, 1080, 0, 0, 0, 0, 1, 24, -1, '', '10,1^23,1^10,1', 55, 0, 0, 255, 255, 255, 255, 255, 255, 0, 0, 0, 0, 0, 0, 0, 0, 0, 'IT10', 28, 28, 7, 1.325, 25, 25, 25, 25, 25, 0, 10, 0, 1, 0, 37, 0, 0, 0, 30, 0, 38, 38, 38, 38, 38, 38, 38, 0, 0, 1, 0, 1, 0, 0, 0, 0, 0, 16, 0, 0, 0, 0, 0, 249, 100, 100, 0, 0, 0, 0, 0, 0, 0, 0, 0, 1, 27034, 0, 1, 1, 0, 0, 2000, 0, 1, 0, 0),
	(500038, 'a_shadowed_man', '', 24, 127, 1, 28, 790, 0, 0, 0, 0, 0, 6, 24, 0, 93438, 0, 0, 0, 0, 73, 0, 0, 3, 50, -1, '', '10,1^21,1^23,1', 25, 70, 0, 255, 255, 255, 255, 255, 255, 0, 0, 0, 0, 0, 0, 0, 0, 0, 'IT10', 28, 28, 7, 3.175, 25, 25, 25, 25, 25, 0, 10, 0, 1, 0, 103, 0, 0, 0, 30, 0, 78, 78, 78, 78, 78, 78, 78, 0, 0, 1, 0, 1, 0, 0, 0, 0, 0, 26, 0, 0, 0, 0, 0, 0, 100, 100, 0, 0, 0, 0, 0, 0, 0, 0, 0, 2, 0, 0, 0, 4, 0, 0, 2000, 0, 1, 0, 0),
	(500041, 'a_lava_crawler', '', 13, 37, 1, 21, 370, 0, 2, 3, 0, 0, 6, 11, 0, 3630, 0, 0, 1083, 0, 914, 0, 0, 1, 28, -1, '', '10,1^23,1^10,1', 55, 0, 0, 255, 255, 255, 255, 255, 255, 0, 0, 0, 0, 0, 0, 0, 0, 0, 'IT10', 28, 28, 7, 1.325, 25, 25, 25, 25, 25, 0, 10, 0, 1, 0, 43, 0, 0, 0, 30, 0, 44, 44, 44, 44, 44, 44, 44, 0, 0, 1, 0, 1, 0, 0, 0, 0, 0, 17, 0, 0, 0, 0, 0, 250, 100, 100, 0, 0, 0, 0, 0, 0, 0, 0, 0, 1, 27041, 0, 0, 2, 0, 0, 2000, 0, 1, 0, 0),
	(500043, '_', '', 50, 127, 1, 1, 1, 0, 0, 0, 0, 0, 6, 0, 0, 91813, 0, 0, 0, 0, 0, 0, 0, 0, 4, -1, '', '10,1', 0, 0, 0, 255, 255, 255, 255, 255, 255, 0, 0, 0, 0, 0, 0, 0, 0, 0, 'IT10', 28, 28, 7, 0, 25, 25, 25, 25, 25, 0, 10, 0, 0, 0, 209, 0, 0, 0, 30, 0, 158, 158, 158, 158, 158, 158, 158, 0, 0, 0, 0, 1, 0, 0, 0, 0, 0, 0, 0, 0, 0, 0, 0, 0, 100, 100, 0, 0, 0, 0, 0, 0, 0, 0, 0, 0, 0, 1, 0, 0, 0, 0, 2000, 0, 1, 0, 0),
	(500050, 'a_firescale_crocodile', '', 26, 91, 1, 21, 920, 0, 2, 0, 0, 0, 16, 28, 0, 93405, 0, 0, 0, 0, 0, 0, 0, 11, 64, -1, '', '10,1', 55, 0, 0, 255, 255, 255, 255, 255, 255, 0, 0, 0, 0, 0, 0, 0, 0, 0, 'IT10', 28, 28, 7, 1.325, 25, 25, 25, 25, 25, 0, 10, 0, 1, 0, 111, 0, 0, 0, 30, 0, 84, 84, 84, 84, 84, 84, 84, 0, 0, 1, 0, 1, 0, 0, 0, 0, 0, 30, 0, 0, 0, 0, 0, 247, 100, 100, 0, 0, 0, 0, 0, 0, 0, 0, 0, 1, 27050, 1, 0, 5, 0, 0, 2000, 0, 1, 0, 0),
	(500055, 'a_fire_elemental', '', 10, 75, 1, 24, 240, 0, 2, 1, 0, 0, 6, 7, 0, 2843, 0, 0, 1082, 0, 362, 0, 0, 1, 22, -1, '', '10,1^23,1', 55, 0, 0, 255, 255, 255, 255, 255, 255, 0, 0, 0, 0, 0, 0, 0, 0, 0, 'IT10', 28, 28, 7, 1.325, 15, 15, 15, 15, 15, 0, 10, 0, 1, 0, 34, 0, 0, 0, 30, 0, 35, 35, 35, 35, 35, 35, 35, 0, 0, 1, 0, 1, 0, 0, 0, 0, 0, 16, 0, 0, 0, 0, 0, 246, 100, 100, 0, 0, 0, 0, 0, 0, 0, 0, 0, 1, 27055, 0, 1, 1, 0, 0, 2000, 0, 1, 0, 0),
	(500062, 'Tisiana', '', 45, 71, 41, 1, 5875, 0, 1, 0, 0, 0, 6, 176, 0, 0, 27062, 0, 0, 0, 614, 0, 0, 40, 224, -1, '', '10,1', 55, 0, 255, 255, 255, 255, 255, 255, 255, 0, 0, 0, 0, 0, 0, 0, 0, 0, 'IT10', 28, 28, 7, 1.325, 25, 25, 25, 25, 25, 0, 10, 0, 1, 0, 189, 0, 0, 0, 29, 0, 143, 143, 143, 143, 143, 143, 143, 0, 0, 1, 0, 1, 0, 0, 0, 0, 0, 0, 0, 0, 0, 0, 0, 0, 100, 100, 0, 0, 0, 0, 0, 0, 0, 0, 0, 1, 27062, 1, 0, 29, 0, 0, 2000, 0, 1, 0, 0),
	(500063, '#Ruathey', '', 32, 2, 1, 1, 1344, 0, 1, 1, 0, 0, 7, 40, 0, 91814, 0, 0, 0, 0, 0, 0, 0, 13, 72, -1, '', '10,1', 55, 0, 3, 0, 0, 255, 255, 255, 255, 0, 0, 0, 0, 0, 0, 0, 0, 0, 'IT10', 28, 28, 7, 1.325, 25, 25, 25, 25, 25, 0, 10, 0, 1, 1, 136, 0, 0, 0, 30, 0, 103, 103, 103, 103, 103, 103, 103, 0, 0, 1, 0, 1, 0, 0, 0, 0, 0, 0, 0, 0, 0, 0, 1, 0, 100, 100, 0, 0, 1, 1, 1, 1, 1, 1, 0, 1, 27063, 1, 0, 7, 0, 0, 2000, 0, 1, 0, 0),
	(500103, 'Ruathcom', '', 1, 127, 1, 66, 1, 0, 0, 0, 0, 0, 6, 0, 0, 0, 0, 0, 0, 0, 0, 0, 0, 1, 4, -1, '', '', 0, 0, 0, 255, 255, 255, 255, 255, 255, 0, 0, 0, 0, 0, 0, 0, 0, 0, 'IT10', 28, 28, 7, 1.325, 15, 15, 15, 15, 15, 0, 10, 0, 0, 0, 8, 0, 0, 0, 30, 0, 8, 8, 8, 8, 8, 8, 8, 0, 0, 0, 0, 1, 0, 0, 0, 0, 0, 0, 0, 0, 0, 0, 0, 0, 100, 100, 0, 0, 0, 0, 0, 0, 0, 0, 0, 1, 0, 1, 0, 0, 0, 0, 2000, 0, 0, 1, 0),
	(500113, 'a_fire_sprite', '', 15, 46, 1, 24, 375, 0, 2, 0, 0, 0, 6, 11, 0, 12061, 0, 0, 1082, 0, 914, 0, 0, 2, 32, -1, '', '10,1^23,1^10,1', 55, 0, 0, 255, 255, 255, 255, 255, 255, 0, 0, 0, 0, 0, 0, 0, 0, 0, 'IT10', 28, 28, 7, 1.325, 25, 25, 25, 25, 25, 0, 10, 0, 1, 0, 66, 0, 0, 0, 30, 0, 51, 51, 51, 51, 51, 51, 51, 0, 0, 1, 0, 1, 0, 0, 0, 0, 0, 0, 0, 0, 0, 0, 1, 0, 100, 100, 0, 0, 0, 0, 0, 0, 0, 0, 0, 1, 27113, 1, 0, 2, 0, 0, 2000, 0, 1, 0, 0),
	(500119, 'Eejag', '', 55, 128, 7, 1, 22750, 0, 0, 0, 0, 0, 6, 683, 0, 13543, 0, 0, 454, 0, 0, 0, 0, 68, 211, -1, '', '1,1^10,1^21,1^26,1', 70, 0, 0, 0, 0, 0, 0, 0, 0, 0, 0, 0, 0, 0, 0, 0, 0, 0, 'IT10', 28, 28, 7, 0, 300, 300, 300, 300, 300, 150, 15, 0, 1, 0, 230, 0, 0, 0, 30, 0, 174, 174, 174, 174, 174, 174, 174, 0, 0, 1, 0, 1, 0, 0, 0, 0, 0, 0, 0, 0, 0, 0, 1, 0, 100, 100, 0, 0, 0, 0, 0, 0, 0, 0, 0, 0, 0, 0, 0, 114, 0, 0, 2000, 0, 1, 0, 0),
	(500120, 'a_shadowed_man', '', 24, 127, 11, 28, 604, 1008, 0, 0, 0, 0, 6, 18, 30, 93438, 0, 0, 515, 0, 73, 0, 0, 3, 50, -1, '', '10,1^21,1^23,1', 25, 70, 0, 255, 255, 255, 255, 255, 255, 0, 0, 0, 0, 0, 0, 0, 0, 0, 'IT10', 28, 28, 7, 3.175, 25, 25, 25, 25, 25, 0, 10, 0, 1, 0, 103, 0, 0, 0, 30, 0, 78, 78, 78, 78, 78, 78, 78, 0, 0, 1, 0, 1, 0, 0, 0, 0, 0, 26, 0, 0, 0, 0, 0, 0, 0, 0, 0, 0, 0, 0, 0, 0, 0, 0, 0, 2, 0, 0, 0, 3, 0, 0, 2000, 0, 1, 0, 0),
	(500122, 'a_shadowed_man', '', 24, 127, 2, 28, 831, 1008, 0, 0, 0, 0, 6, 25, 30, 93438, 0, 0, 1, 0, 73, 0, 0, 3, 50, -1, '', '10,1^21,1^23,1', 25, 70, 0, 255, 255, 255, 255, 255, 255, 0, 0, 0, 0, 0, 0, 0, 0, 0, 'IT10', 28, 28, 7, 3.175, 25, 25, 25, 25, 25, 0, 10, 0, 1, 0, 103, 0, 0, 0, 30, 0, 78, 78, 78, 78, 78, 78, 78, 0, 0, 1, 0, 1, 0, 0, 0, 0, 0, 26, 0, 0, 0, 0, 0, 0, 0, 0, 0, 0, 0, 0, 0, 0, 0, 0, 0, 2, 0, 0, 0, 4, 0, 0, 2000, 0, 1, 0, 0),
	(500124, 'Hykallen', '', 14, 3, 11, 1, 390, 588, 1, 255, 0, 0, 6, 12, 18, 89975, 0, 0, 515, 0, 89, 0, 0, 2, 30, -1, '', '10,1', 70, 0, 2, 255, 255, 255, 255, 255, 255, 0, 0, 0, 0, 0, 0, 0, 0, 0, 'IT10', 28, 28, 7, 1.325, 25, 25, 25, 25, 25, 0, 10, 0, 1, 0, 46, 0, 0, 0, 30, 0, 48, 48, 48, 48, 48, 48, 48, 0, 0, 1, 0, 1, 0, 0, 0, 0, 0, 16, 0, 0, 0, 0, 0, 240, 100, 100, 0, 0, 0, 0, 0, 0, 1, 0, 0, 1, 27124, 1, 0, 2, 0, 0, 2000, 0, 1, 0, 0),
	(500125, '#Sir_Lindeal', '', 10, 1, 3, 1, 190, 420, 0, 3, 0, 0, 6, 6, 13, 6472, 0, 0, 8, 0, 189, 0, 0, 1, 22, -1, '', '10,1', 70, 0, 0, 0, 0, 0, 0, 255, 255, 0, 0, 0, 0, 0, 0, 0, 0, 0, 'IT10', 28, 28, 7, 1.325, 15, 15, 15, 15, 15, 4, 10, 0, 1, 0, 34, 0, 0, 0, 30, 0, 35, 35, 35, 35, 35, 35, 35, 0, 0, 1, 0, 1, 0, 0, 0, 0, 0, 14, 0, 0, 0, 0, 0, 46, 100, 100, 0, 0, 0, 0, 0, 0, 0, 0, 0, 1, 0, 0, 0, 2, 0, 0, 2000, 0, 1, 0, 0),
	(500126, 'a_lava_basilisk', '', 11, 91, 1, 21, 280, 0, 2, 1, 1, 0, 11, 8, 0, 5366, 0, 0, 1080, 0, 0, 0, 0, 1, 24, -1, '', '10,1^23,1^10,1', 55, 0, 0, 255, 255, 255, 255, 255, 255, 0, 0, 0, 0, 0, 0, 0, 0, 0, 'IT10', 28, 28, 7, 1.325, 25, 25, 25, 25, 25, 0, 10, 0, 1, 0, 37, 0, 0, 0, 30, 0, 38, 38, 38, 38, 38, 38, 38, 0, 0, 1, 0, 1, 0, 0, 0, 0, 0, 16, 0, 0, 0, 0, 0, 249, 100, 100, 0, 0, 0, 0, 0, 0, 0, 0, 0, 1, 0, 0, 1, 1, 0, 0, 2000, 0, 1, 0, 0),
	(500128, 'a_fire_elemental', '', 10, 75, 1, 24, 240, 0, 2, 1, 0, 0, 7, 7, 0, 2843, 0, 0, 1082, 0, 362, 0, 0, 1, 22, -1, '', '10,1^23,1', 55, 0, 0, 255, 255, 255, 255, 255, 255, 0, 0, 0, 0, 0, 0, 0, 0, 0, 'IT10', 28, 28, 7, 1.325, 15, 15, 15, 15, 15, 0, 10, 0, 1, 0, 34, 0, 0, 0, 30, 0, 35, 35, 35, 35, 35, 35, 35, 0, 0, 1, 0, 1, 0, 0, 0, 0, 0, 16, 0, 0, 0, 0, 0, 246, 100, 100, 0, 0, 0, 0, 0, 0, 0, 0, 0, 1, 0, 0, 1, 1, 0, 0, 2000, 0, 1, 0, 0),
	(500129, 'goblin_runner', '', 4, 40, 1, 1, 80, 0, 2, 1, 0, 0, 6, 2, 0, 92430, 0, 0, 0, 0, 244, 0, 0, 1, 10, -1, '', '', 70, 0, 0, 255, 255, 255, 255, 255, 255, 0, 0, 0, 0, 0, 0, 0, 0, 0, 'IT10', 28, 28, 7, 1.325, 15, 15, 15, 15, 15, 2, 10, 0, 1, 0, 16, 0, 0, 0, 30, 0, 17, 17, 17, 17, 17, 17, 17, 0, 0, 1, 0, 1, 0, 0, 0, 0, 0, 6, 0, 0, 0, 0, 1, 0, 100, 100, 0, 0, 0, 0, 0, 0, 0, 0, 0, 1, 0, 0, 0, 1, 0, 0, 2000, 0, 1, 0, 0);

INSERT INTO `spawn2` (`id`, `spawngroupID`, `zone`, `version`, `x`, `y`, `z`, `heading`, `respawntime`, `variance`, `pathgrid`, `_condition`, `cond_value`, `enabled`, `animation`, `boot_respawntime`, `clear_timer_onboot`)
VALUES
	(340000, 500113, 'oldlavastorm', 0, 434.000000, -467.000000, 36.799999, 171.331467, 1200, 0, 83, 0, 1, 1, 0, 0, 0),
	(340001, 500002, 'oldlavastorm', 0, -89.000000, -426.000000, 110.199997, 499.716797, 1200, 0, 0, 0, 1, 1, 0, 0, 0),
	(340002, 500003, 'oldlavastorm', 0, -198.000000, -2121.000000, -17.000000, 499.716797, 1200, 0, 82, 0, 1, 1, 0, 0, 0),
	(340003, 500055, 'oldlavastorm', 0, 459.000000, -644.000000, 33.700001, 118.300278, 1200, 0, 33, 0, 1, 1, 0, 0, 0),
	(340004, 500004, 'oldlavastorm', 0, 801.000000, 220.000000, 18.799999, 246.798798, 1200, 0, 64, 0, 1, 1, 0, 0, 0),
	(340005, 500008, 'oldlavastorm', 0, 1032.000000, -34.000000, 53.900002, 293.710999, 1200, 0, 1, 0, 1, 1, 0, 0, 0),
	(340006, 500008, 'oldlavastorm', 0, 207.000000, -519.000000, 115.699997, 324.306000, 1200, 0, 2, 0, 1, 1, 0, 0, 0),
	(340007, 500041, 'oldlavastorm', 0, -590.000000, -856.000000, -2.100000, 271.274811, 1200, 0, 52, 0, 1, 1, 0, 0, 0),
	(340008, 500008, 'oldlavastorm', 0, 868.000000, -517.000000, 16.700001, 150.934845, 1200, 0, 3, 0, 1, 1, 0, 0, 0),
	(340009, 500041, 'oldlavastorm', 0, 614.000000, -971.000000, 40.700001, 87.705383, 1200, 0, 53, 0, 1, 1, 0, 0, 0),
	(340010, 500055, 'oldlavastorm', 0, 1224.000000, 749.000000, 30.299999, 75.467422, 1200, 0, 34, 0, 1, 1, 0, 0, 0),
	(340011, 500055, 'oldlavastorm', 0, -311.000000, 152.000000, 41.299999, 393.654388, 1200, 0, 35, 0, 1, 1, 0, 0, 0),
	(340012, 500008, 'oldlavastorm', 0, -49.000000, 204.000000, 17.000000, 0.000000, 1200, 0, 4, 0, 1, 1, 0, 0, 0),
	(340013, 500124, 'oldlavastorm', 0, -77.000000, -410.000000, 110.699997, 318.187012, 1200, 0, 0, 0, 1, 1, 0, 0, 0),
	(340014, 500008, 'oldlavastorm', 0, 758.000000, -1173.000000, 48.900002, 367.138794, 1200, 0, 5, 0, 1, 1, 0, 0, 0),
	(340015, 500034, 'oldlavastorm', 0, -186.000000, -947.000000, 75.699997, 324.306000, 1200, 0, 41, 0, 1, 1, 0, 0, 0),
	(340016, 500041, 'oldlavastorm', 0, 1228.000000, 221.000000, 41.700001, 0.000000, 1200, 0, 54, 0, 1, 1, 0, 0, 0),
	(340017, 500055, 'oldlavastorm', 0, 1148.000000, 822.000000, 55.799999, 6.118980, 1200, 0, 36, 0, 1, 1, 0, 0, 0),
	(340018, 500008, 'oldlavastorm', 0, 1259.000000, 496.000000, 21.700001, 18.356941, 1200, 0, 6, 0, 1, 1, 0, 0, 0),
	(340019, 500055, 'oldlavastorm', 0, -319.000000, 26.000000, 18.900000, 273.314392, 1200, 0, 37, 0, 1, 1, 0, 0, 0),
	(340020, 500004, 'oldlavastorm', 0, 738.000000, -451.000000, 86.000000, 203.966003, 1200, 0, 65, 0, 1, 1, 0, 0, 0),
	(340021, 500018, 'oldlavastorm', 0, 939.000000, -327.000000, -0.400000, 242.719604, 1200, 0, 0, 0, 1, 1, 0, 0, 0),
	(340022, 500019, 'oldlavastorm', 0, 923.000000, -372.000000, 0.500000, 185.609055, 1200, 0, 0, 0, 1, 1, 0, 0, 0),
	(340023, 500017, 'oldlavastorm', 0, 929.000000, -408.000000, 3.300000, 475.240814, 1200, 0, 0, 0, 1, 1, 0, 0, 0),
	(340024, 500016, 'oldlavastorm', 0, 951.000000, -359.000000, 3.700000, 428.328613, 1200, 0, 0, 0, 1, 1, 0, 0, 0),
	(340025, 500008, 'oldlavastorm', 0, 59.000000, -77.000000, 29.900000, 112.181297, 1200, 0, 7, 0, 1, 1, 0, 0, 0),
	(340026, 500008, 'oldlavastorm', 0, -656.000000, -329.000000, 27.500000, 246.798798, 1200, 0, 8, 0, 1, 1, 0, 0, 0),
	(340027, 500041, 'oldlavastorm', 0, 1212.000000, 433.000000, 60.799999, 46.912182, 1200, 0, 55, 0, 1, 1, 0, 0, 0),
	(340028, 500008, 'oldlavastorm', 0, 661.000000, 18.000000, 12.700000, 108.101982, 1200, 0, 9, 0, 1, 1, 0, 0, 0),
	(340029, 500008, 'oldlavastorm', 0, 745.000000, 275.000000, 24.900000, 0.000000, 1200, 0, 10, 0, 1, 1, 0, 0, 0),
	(340030, 500008, 'oldlavastorm', 0, -350.000000, -416.000000, 40.799999, 197.847046, 1200, 0, 11, 0, 1, 1, 0, 0, 0),
	(340031, 500008, 'oldlavastorm', 0, 456.000000, -368.000000, 26.200001, 91.784698, 1200, 0, 12, 0, 1, 1, 0, 0, 0),
	(340032, 500041, 'oldlavastorm', 0, 1092.000000, 550.000000, 50.599998, 246.798798, 1200, 0, 56, 0, 1, 1, 0, 0, 0),
	(340033, 500008, 'oldlavastorm', 0, 494.000000, -380.000000, 79.199997, 287.592010, 1200, 0, 13, 0, 1, 1, 0, 0, 0),
	(340034, 500055, 'oldlavastorm', 0, 917.000000, -1222.000000, 12.500000, 152.974503, 1200, 0, 38, 0, 1, 1, 0, 0, 0),
	(340035, 500041, 'oldlavastorm', 0, -243.000000, -387.000000, 78.599998, 238.640198, 1200, 0, 57, 0, 1, 1, 0, 0, 0),
	(340036, 500062, 'oldlavastorm', 0, 1367.000000, 982.000000, 126.300003, 165.212463, 1200, 0, 0, 0, 1, 1, 0, 0, 0),
	(340037, 500038, 'oldlavastorm', 0, 746.000000, -909.000000, 124.400002, 28.555241, 1200, 0, 0, 0, 1, 1, 0, 0, 0),
	(340038, 500038, 'oldlavastorm', 0, 735.000000, -920.000000, 122.400002, 28.555241, 1200, 0, 0, 0, 1, 1, 0, 0, 0),
	(340039, 500038, 'oldlavastorm', 0, 738.000000, -939.000000, 125.500000, 412.011414, 1200, 0, 0, 0, 1, 1, 0, 0, 0),
	(340040, 500038, 'oldlavastorm', 0, 727.000000, -950.000000, 123.500000, 412.011414, 1200, 0, 0, 0, 1, 1, 0, 0, 0),
	(340041, 500038, 'oldlavastorm', 0, 726.000000, -979.000000, 126.500000, 63.229462, 1200, 0, 0, 0, 1, 1, 0, 0, 0),
	(340042, 500043, 'oldlavastorm', 0, -682.000000, -92.000000, -23.900000, 0.000000, 1200, 0, 0, 0, 1, 1, 0, 0, 0),
	(340043, 500034, 'oldlavastorm', 0, 1092.000000, 564.000000, 46.599998, 89.745041, 1200, 0, 42, 0, 1, 1, 0, 0, 0),
	(340044, 500008, 'oldlavastorm', 0, -701.000000, 298.000000, 30.900000, 303.909393, 1200, 0, 14, 0, 1, 1, 0, 0, 0),
	(340045, 500008, 'oldlavastorm', 0, 887.000000, -1061.000000, 104.699997, 20.396601, 1200, 0, 15, 0, 1, 1, 0, 0, 0),
	(340046, 500008, 'oldlavastorm', 0, -798.000000, 333.000000, 29.400000, 375.297394, 1200, 0, 16, 0, 1, 1, 0, 0, 0),
	(340047, 500008, 'oldlavastorm', 0, -601.000000, -164.000000, 17.100000, 40.793201, 1200, 0, 17, 0, 1, 1, 0, 0, 0),
	(340048, 500004, 'oldlavastorm', 0, -310.000000, -542.000000, 32.099998, 6.118980, 1200, 0, 66, 0, 1, 1, 0, 0, 0),
	(340049, 500034, 'oldlavastorm', 0, -828.000000, 1050.000000, 40.200001, 297.790405, 1200, 0, 43, 0, 1, 1, 0, 0, 0),
	(340050, 500034, 'oldlavastorm', 0, -147.000000, -640.000000, 54.400002, 218.243607, 1200, 0, 44, 0, 1, 1, 0, 0, 0),
	(340051, 500034, 'oldlavastorm', 0, -695.000000, 977.000000, 59.099998, 254.957596, 1200, 0, 45, 0, 1, 1, 0, 0, 0),
	(340052, 500004, 'oldlavastorm', 0, -346.000000, 622.000000, 166.300003, 0.000000, 1200, 0, 67, 0, 1, 1, 0, 0, 0),
	(340053, 500004, 'oldlavastorm', 0, -532.000000, 814.000000, 70.199997, 4.079320, 1200, 0, 68, 0, 1, 1, 0, 0, 0),
	(340054, 500004, 'oldlavastorm', 0, -323.000000, 567.000000, 145.399994, 256.997192, 1200, 0, 69, 0, 1, 1, 0, 0, 0),
	(340055, 500055, 'oldlavastorm', 0, -287.000000, 1349.000000, 212.300003, 373.257812, 1200, 0, 39, 0, 1, 1, 0, 0, 0),
	(340056, 500008, 'oldlavastorm', 0, -505.000000, 289.000000, 30.600000, 277.393799, 1200, 0, 18, 0, 1, 1, 0, 0, 0),
	(340057, 500008, 'oldlavastorm', 0, -207.000000, 883.000000, 167.500000, 471.161407, 1200, 0, 19, 0, 1, 1, 0, 0, 0),
	(340058, 500008, 'oldlavastorm', 0, -690.000000, -398.000000, 12.700000, 295.750793, 1200, 0, 20, 0, 1, 1, 0, 0, 0),
	(340059, 500008, 'oldlavastorm', 0, -820.000000, 283.000000, 30.400000, 8.158640, 1200, 0, 21, 0, 1, 1, 0, 0, 0),
	(340060, 500008, 'oldlavastorm', 0, -351.000000, -541.000000, 35.799999, 516.033997, 1200, 0, 22, 0, 1, 1, 0, 0, 0),
	(340061, 500008, 'oldlavastorm', 0, -393.000000, 1216.000000, 123.699997, 8.158640, 1200, 0, 23, 0, 1, 1, 0, 0, 0),
	(340062, 500004, 'oldlavastorm', 0, 708.000000, 332.000000, 3.700000, 263.116211, 1200, 0, 70, 0, 1, 1, 0, 0, 0),
	(340063, 500008, 'oldlavastorm', 0, 1269.000000, -714.000000, -10.400000, 0.000000, 1200, 0, 24, 0, 1, 1, 0, 0, 0),
	(340064, 500034, 'oldlavastorm', 0, 681.000000, 437.000000, 51.622841, 481.359802, 1200, 0, 46, 0, 1, 1, 0, 0, 0),
	(340065, 500034, 'oldlavastorm', 0, 958.000000, -566.000000, 114.599998, 305.949005, 1200, 0, 47, 0, 1, 1, 0, 0, 0),
	(340066, 500041, 'oldlavastorm', 0, 1142.000000, -684.000000, -18.700001, 6.118980, 1200, 0, 58, 0, 1, 1, 0, 0, 0),
	(340067, 500008, 'oldlavastorm', 0, 835.000000, -509.000000, 24.700001, 305.949005, 1200, 0, 25, 0, 1, 1, 0, 0, 0),
	(340068, 500055, 'oldlavastorm', 0, 991.000000, -1024.000000, 35.900002, 289.631805, 1200, 0, 40, 0, 1, 1, 0, 0, 0),
	(340069, 500004, 'oldlavastorm', 0, 1030.000000, 220.000000, 7.700000, 320.226593, 1200, 0, 71, 0, 1, 1, 0, 0, 0),
	(340070, 500008, 'oldlavastorm', 0, 1103.000000, -240.000000, 57.900002, 520.113403, 1200, 0, 26, 0, 1, 1, 0, 0, 0),
	(340071, 500008, 'oldlavastorm', 0, 1145.000000, 438.000000, 36.400002, 234.561005, 1200, 0, 27, 0, 1, 1, 0, 0, 0),
	(340072, 500008, 'oldlavastorm', 0, 880.000000, -1018.000000, 105.000000, 261.076385, 1200, 0, 28, 0, 1, 1, 0, 0, 0),
	(340073, 500034, 'oldlavastorm', 0, 174.000000, 632.000000, 102.141296, 57.110481, 1200, 0, 48, 0, 1, 1, 0, 0, 0),
	(340074, 500034, 'oldlavastorm', 0, 1198.000000, 489.000000, -7.100000, 67.308777, 1200, 0, 49, 0, 1, 1, 0, 0, 0),
	(340075, 500004, 'oldlavastorm', 0, -129.000000, 520.000000, 55.700001, 395.694000, 1200, 0, 72, 0, 1, 1, 0, 0, 0),
	(340076, 500008, 'oldlavastorm', 0, 1015.000000, -290.000000, 12.200000, 509.915009, 1200, 0, 29, 0, 1, 1, 0, 0, 0),
	(340077, 500034, 'oldlavastorm', 0, 572.000000, -1140.000000, 19.700001, 412.011414, 1200, 0, 50, 0, 1, 1, 0, 0, 0),
	(340078, 500004, 'oldlavastorm', 0, 798.000000, 38.000000, 66.300003, 465.042389, 1200, 0, 73, 0, 1, 1, 0, 0, 0),
	(340079, 500004, 'oldlavastorm', 0, 971.366516, 662.027222, 60.916779, 120.339943, 1200, 0, 74, 0, 1, 1, 0, 0, 0),
	(340080, 500041, 'oldlavastorm', 0, 822.000000, -598.000000, 35.700001, 171.331467, 1200, 0, 59, 0, 1, 1, 0, 0, 0),
	(340081, 500004, 'oldlavastorm', 0, 1118.000000, 478.000000, 72.300003, 99.943336, 1200, 0, 75, 0, 1, 1, 0, 0, 0),
	(340082, 500004, 'oldlavastorm', 0, 1369.000000, 305.000000, 41.799999, 140.736542, 1200, 0, 76, 0, 1, 1, 0, 0, 0),
	(340083, 500041, 'oldlavastorm', 0, 920.000000, -596.000000, 121.800003, 501.756409, 1200, 0, 60, 0, 1, 1, 0, 0, 0),
	(340084, 500041, 'oldlavastorm', 0, -466.000000, 120.000000, 96.300003, 483.399414, 1200, 0, 61, 0, 1, 1, 0, 0, 0),
	(340085, 500041, 'oldlavastorm', 0, 1047.000000, 115.000000, 30.100000, 108.101982, 1200, 0, 62, 0, 1, 1, 0, 0, 0),
	(340086, 500034, 'oldlavastorm', 0, 1066.000000, 190.000000, 27.799999, 134.617554, 1200, 0, 51, 0, 1, 1, 0, 0, 0),
	(340087, 500041, 'oldlavastorm', 0, -601.000000, 86.000000, 93.699997, 391.614807, 1200, 0, 63, 0, 1, 1, 0, 0, 0),
	(340088, 500004, 'oldlavastorm', 0, -214.000000, -1028.000000, 96.000000, 299.829987, 1200, 0, 77, 0, 1, 1, 0, 0, 0),
	(340089, 500004, 'oldlavastorm', 0, 1325.000000, -1185.000000, 17.900000, 157.053818, 1200, 0, 78, 0, 1, 1, 0, 0, 0),
	(340090, 500008, 'oldlavastorm', 0, -211.000000, -1038.000000, 90.800003, 224.362595, 1200, 0, 30, 0, 1, 1, 0, 0, 0),
	(340091, 500008, 'oldlavastorm', 0, -383.000000, 436.000000, 68.300003, 59.150139, 1200, 0, 31, 0, 1, 1, 0, 0, 0),
	(340092, 500008, 'oldlavastorm', 0, 123.945503, 513.855713, 127.115303, 301.869598, 1200, 0, 32, 0, 1, 1, 0, 0, 0),
	(340093, 500004, 'oldlavastorm', 0, 1175.000000, -267.000000, 93.300003, 469.121796, 1200, 0, 79, 0, 1, 1, 0, 0, 0),
	(340094, 500050, 'oldlavastorm', 0, -648.000000, 1276.000000, 56.599998, 273.314392, 1200, 0, 0, 0, 1, 1, 0, 0, 0),
	(340095, 500027, 'oldlavastorm', 0, 288.000000, 1289.000000, 149.858902, 385.495789, 1200, 0, 81, 0, 1, 1, 0, 0, 0),
	(340096, 500027, 'oldlavastorm', 0, 573.604797, 1020.755005, 71.270866, 295.750793, 1200, 0, 80, 0, 1, 1, 0, 0, 0),
	(340097, 500027, 'oldlavastorm', 0, 550.000000, 744.000000, 185.451004, 246.798798, 1200, 0, 0, 0, 1, 1, 0, 0, 0),
	(340098, 500027, 'oldlavastorm', 0, 539.000000, 733.000000, 184.807999, 246.798798, 1200, 0, 0, 0, 1, 1, 0, 0, 0),
	(340099, 500027, 'oldlavastorm', 0, 552.000000, 820.000000, 190.988693, 460.963196, 1200, 0, 0, 0, 1, 1, 0, 0, 0),
	(340100, 500027, 'oldlavastorm', 0, 541.000000, 809.000000, 190.561005, 460.963196, 1200, 0, 0, 0, 1, 1, 0, 0, 0),
	(340101, 500027, 'oldlavastorm', 0, 508.000000, 791.000000, 189.767502, 18.356941, 1200, 0, 0, 0, 1, 1, 0, 0, 0),
	(340102, 500103, 'oldlavastorm', 0, 281.000000, -1520.000000, 11.700000, 0.000000, 1200, 0, 0, 0, 1, 1, 0, 0, 0),
	(340103, 500063, 'oldlavastorm', 0, 280.000000, -1519.000000, 12.100000, 0.000000, 1200, 0, 0, 0, 1, 1, 0, 0, 0),
	(365157, 500002, 'oldlavastorm', 0, -100.000000, -411.000000, 109.000000, 128.000000, 600, 0, 0, 0, 1, 1, 0, 0, 0),
    # was 221040
	(365158, 5001040, 'oldlavastorm', 0, -557.000000, 1246.000000, 70.000000, 0.000000, 21600, 2160, 84, 0, 1, 1, 0, 0, 0),
    # was 222506
	(368107, 5002506, 'oldlavastorm', 0, -817.000000, -1370.000000, -4.000000, 0.000000, 360, 0, 85, 0, 1, 1, 0, 0, 0);

INSERT INTO `spawngroup` (`id`, `name`, `spawn_limit`, `dist`, `max_x`, `min_x`, `max_y`, `min_y`, `delay`, `mindelay`, `despawn`, `despawn_timer`)
VALUES
	(500002, 'lavastorm_goblin_warrior2', 0, 0, 0, 0, 0, 0, 0, 15000, 0, 100),
	(500003, 'lavastorm_goblin_scout3', 0, 0, 0, 0, 0, 0, 0, 15000, 0, 100),
	(500004, 'lavastorm_a_rock_dervish5', 0, 0, 0, 0, 0, 0, 0, 15000, 0, 100),
	(500008, 'lavastorm_a_fire_drake6', 0, 0, 0, 0, 0, 0, 0, 15000, 0, 100),
	(500016, 'lavastorm_Jengo_Smirt25', 0, 0, 0, 0, 0, 0, 0, 15000, 0, 100),
	(500017, 'lavastorm_Cyspeth_Romtai24', 0, 0, 0, 0, 0, 0, 0, 15000, 0, 100),
	(500018, 'lavastorm_Tizina22', 0, 0, 0, 0, 0, 0, 0, 15000, 0, 100),
	(500019, 'lavastorm_Jenah_Wheelspinner23', 0, 0, 0, 0, 0, 0, 0, 15000, 0, 100),
	(500027, 'lavastorm_a_fire_goblin_scout96', 0, 0, 0, 0, 0, 0, 0, 15000, 0, 100),
	(500034, 'lavastorm_a_lava_basilisk16', 0, 0, 0, 0, 0, 0, 0, 15000, 0, 100),
	(500038, 'lavastorm_a_shadowed_man38', 0, 0, 0, 0, 0, 0, 0, 15000, 0, 100),
	(500041, 'lavastorm_a_lava_crawler8', 0, 0, 0, 0, 0, 0, 0, 15000, 0, 100),
	(500043, 'lavastorm__43', 0, 0, 0, 0, 0, 0, 0, 15000, 0, 100),
	(500050, 'lavastorm_a_firescale_crocodile95', 0, 0, 0, 0, 0, 0, 0, 15000, 0, 100),
	(500055, 'lavastorm_a_fire_elemental4', 0, 0, 0, 0, 0, 0, 0, 15000, 0, 100),
	(500062, 'lavastorm_Tisiana37', 0, 0, 0, 0, 0, 0, 0, 15000, 0, 100),
	(500063, 'lavastorm_#Ruathey104', 0, 0, 0, 0, 0, 0, 0, 15000, 0, 100),
	(500103, 'lavastorm_Ruathcom103', 0, 0, 0, 0, 0, 0, 0, 15000, 0, 100),
	(500113, 'lavastorm_a_fire_sprite1', 0, 0, 0, 0, 0, 0, 0, 15000, 0, 100),
	(500124, 'lavastorm_Hykallen14', 0, 0, 0, 0, 0, 0, 0, 15000, 0, 100),
    #was 221040
	(5001040, 'lavastorm_221040', 0, 0, 0, 0, 0, 0, 0, 15000, 0, 0),
    #was 222506
	(5002506, 'lavastorm_222506', 0, 0, 0, 0, 0, 0, 0, 0, 0, 0);

INSERT INTO `ground_spawns` (`id`, `zoneid`, `version`, `max_x`, `max_y`, `max_z`, `min_x`, `min_y`, `heading`, `name`, `item`, `max_allowed`, `comment`, `respawn_timer`)
VALUES
	(754, 500, 0, -677, 2510, -86, -677, 2510, 0, 'IT', 54434, 1, 'Default comment', 300000),
	(753, 500, 0, 902, 1522, -68, 902, 1522, 0, 'IT', 54433, 1, 'Default comment', 300000),
	(752, 500, 0, -478, 1459, -89, -478, 1459, 0, 'IT', 54432, 1, 'Default comment', 300000),
	(751, 500, 0, -3, 326, -90, -3, 326, 0, 'IT', 54431, 1, 'Default comment', 300000);


INSERT INTO `grid` (`id`, `zoneid`, `type`, `type2`)
VALUES
	(1, 500, 0, 1),
	(2, 500, 0, 1),
	(3, 500, 0, 1),
	(4, 500, 0, 1),
	(5, 500, 0, 1),
	(6, 500, 0, 1),
	(7, 500, 0, 1),
	(8, 500, 0, 1),
	(9, 500, 0, 1),
	(10, 500, 0, 1),
	(11, 500, 0, 1),
	(12, 500, 0, 1),
	(13, 500, 0, 1),
	(14, 500, 0, 1),
	(15, 500, 0, 1),
	(16, 500, 0, 1),
	(17, 500, 0, 1),
	(18, 500, 0, 1),
	(19, 500, 0, 1),
	(20, 500, 0, 1),
	(21, 500, 0, 1),
	(22, 500, 0, 1),
	(23, 500, 0, 1),
	(24, 500, 0, 1),
	(25, 500, 0, 1),
	(27, 500, 0, 1),
	(28, 500, 0, 1),
	(29, 500, 0, 1),
	(30, 500, 0, 1),
	(31, 500, 0, 1),
	(32, 500, 0, 1),
	(33, 500, 0, 1),
	(34, 500, 0, 1),
	(35, 500, 0, 1),
	(36, 500, 0, 1),
	(37, 500, 0, 1),
	(38, 500, 0, 1),
	(39, 500, 0, 1),
	(40, 500, 0, 1),
	(41, 500, 0, 1),
	(42, 500, 0, 1),
	(43, 500, 0, 1),
	(44, 500, 0, 1),
	(45, 500, 0, 1),
	(46, 500, 0, 1),
	(47, 500, 0, 1),
	(48, 500, 0, 1),
	(49, 500, 0, 1),
	(50, 500, 0, 1),
	(51, 500, 0, 1),
	(52, 500, 0, 1),
	(53, 500, 0, 1),
	(54, 500, 0, 1),
	(55, 500, 0, 1),
	(56, 500, 0, 1),
	(57, 500, 0, 1),
	(58, 500, 0, 1),
	(59, 500, 0, 1),
	(60, 500, 0, 1),
	(61, 500, 0, 1),
	(62, 500, 0, 1),
	(63, 500, 0, 1),
	(64, 500, 0, 1),
	(65, 500, 0, 1),
	(66, 500, 0, 1),
	(67, 500, 0, 1),
	(68, 500, 0, 1),
	(69, 500, 0, 1),
	(70, 500, 0, 1),
	(71, 500, 0, 1),
	(72, 500, 0, 1),
	(73, 500, 0, 1),
	(74, 500, 0, 1),
	(75, 500, 0, 1),
	(76, 500, 0, 1),
	(77, 500, 0, 1),
	(78, 500, 0, 1),
	(79, 500, 0, 1),
	(80, 500, 0, 0),
	(81, 500, 0, 0),
	(82, 500, 4, 1),
	(83, 500, 0, 1),
	(84, 500, 4, 0),
	(85, 500, 3, 0);

INSERT INTO `grid_entries` (`gridid`, `zoneid`, `number`, `x`, `y`, `z`, `heading`, `pause`)
VALUES
	(1, 500, 1, 1032.09, -34.3521, 50.2034, -1, 25),
	(1, 500, 2, 1004.84, -97.7957, -13.6716, -1, 0),
	(1, 500, 3, 962.094, -197.413, 87.1304, -1, 0),
	(1, 500, 4, 934.732, -261.18, 26.3081, -1, 45),
	(1, 500, 5, 958.589, -295.075, 1.60925, -1, 0),
	(1, 500, 6, 1012.62, -371.841, 12.4983, -1, 0),
	(1, 500, 7, 1063.49, -444.204, 131.914, -1, 0),
	(1, 500, 8, 1112.24, -497.965, 28.2843, -1, 0),
	(1, 500, 9, 1168.01, -544.591, -19.4404, -1, 0),
	(1, 500, 10, 1229.66, -578.147, -6.18971, -1, 0),
	(1, 500, 11, 1247.68, -597.088, 37.1802, -1, 0),
	(1, 500, 12, 1269.16, -619.689, 51.1734, -1, 45),
	(1, 500, 13, 1245.7, -691.56, -17.5291, -1, 0),
	(1, 500, 14, 1231.96, -740.677, -7.31659, -1, 0),
	(1, 500, 15, 1217.05, -794.232, 36.7973, -1, 0),
	(1, 500, 16, 1165.2, -813.475, 46.6305, -1, 0),
	(1, 500, 17, 1150.35, -860.214, 28.0056, -1, 45),
	(1, 500, 18, 1150.35, -860.214, 28.0056, -1, 0),
	(1, 500, 19, 1097.27, -866.286, 49.3606, -1, 0),
	(1, 500, 20, 1041.43, -867.633, 99.5868, -1, 0),
	(1, 500, 21, 911.23, -862.478, 44.546, -1, 0),
	(1, 500, 22, 855.59, -852.1, 80.5373, -1, 45),
	(1, 500, 23, 837.097, -798.589, 9.10105, -1, 0),
	(1, 500, 24, 765.767, -742.912, 20.1286, -1, 0),
	(1, 500, 25, 709.551, -699.034, 79.8109, -1, 0),
	(1, 500, 26, 654.068, -655.721, 16.7827, -1, 0),
	(1, 500, 27, 582.542, -599.926, 19.4332, -1, 0),
	(1, 500, 28, 485.437, -524.125, 97.0984, -1, 0),
	(1, 500, 29, 416.854, -470.595, 22.2438, -1, 0),
	(1, 500, 30, 373.043, -436.405, 32.5374, -1, 0),
	(1, 500, 31, 325.411, -399.233, 9.55401, -1, 0),
	(1, 500, 32, 260.682, -348.713, 15.3702, -1, 45),
	(1, 500, 33, 266.361, -297.309, -5.28919, -1, 0),
	(1, 500, 34, 286.418, -116.062, 30.3906, -1, 0),
	(1, 500, 35, 287.092, -106.923, 35.9061, -1, 0),
	(1, 500, 36, 289.247, -77.5757, 30.7047, -1, 0),
	(1, 500, 37, 289.919, -68.3776, 18.8177, -1, 0),
	(1, 500, 38, 294.898, -0.509895, -3.433, -1, 45),
	(1, 500, 39, 363.432, -2.68269, 0.763631, -1, 0),
	(1, 500, 40, 456.425, -2.68269, 0.487962, -1, 0),
	(1, 500, 41, 569.021, -36.8066, -2.57449, -1, 0),
	(1, 500, 42, 754.814, -52.8034, 99.0691, -1, 0),
	(1, 500, 43, 789.034, -36.6102, 103.317, -1, 0),
	(1, 500, 44, 845.774, -62.6029, 100.89, -1, 0),
	(1, 500, 45, 990.945, -76.9471, 4.76992, -1, 0),
	(1, 500, 46, 1031.89, -32.9396, 52.1008, -1, 20),
	(2, 500, 1, 207.027, -518.725, 114.328, -1, 25),
	(2, 500, 2, 133.763, -597.536, 112.394, -1, 0),
	(2, 500, 3, 40.2146, -698.164, 7.80791, -1, 0),
	(2, 500, 4, -59.8855, -805.892, 12.5614, -1, 45),
	(2, 500, 5, -188.863, -726.341, -7.11775, -1, 0),
	(2, 500, 6, -232.859, -699.205, -6.62592, -1, 0),
	(2, 500, 7, -268.896, -676.98, 3.80473, -1, 0),
	(2, 500, 8, -288.865, -664.652, -4.36456, -1, 0),
	(2, 500, 9, -325.768, -641.888, -1.69574, -1, 0),
	(2, 500, 10, -389.285, -602.704, 34.9843, -1, 45),
	(2, 500, 11, -465.975, -699.923, 4.45905, -1, 0),
	(2, 500, 12, -532.012, -796.175, 4.83635, -1, 0),
	(2, 500, 13, -570.718, -858.645, -2.29542, -1, 45),
	(2, 500, 14, -489.72, -854.571, 28.9543, -1, 0),
	(2, 500, 15, -460.774, -869.124, 26.0506, -1, 0),
	(2, 500, 16, -389.53, -904.955, 128.652, -1, 0),
	(2, 500, 17, -328.581, -935.556, 98.0703, -1, 0),
	(2, 500, 18, -265.06, -972.405, 4.93213, -1, 0),
	(2, 500, 19, -209.584, -1017.89, 99.089, -1, 0),
	(2, 500, 20, -98.8161, -1108.68, 2.37563, -1, 45),
	(2, 500, 21, 31.8674, -1006.47, -7.58383, -1, 0),
	(2, 500, 22, 251.409, -895.816, 10.0906, -1, 45),
	(2, 500, 23, 243.023, -860.492, 15.0234, -1, 0),
	(2, 500, 24, 226.675, -791.638, 39.909, -1, 0),
	(2, 500, 25, 227.426, -698.004, 7.24917, -1, 0),
	(2, 500, 26, 224.061, -686.393, 7.14678, -1, 0),
	(2, 500, 27, 206.009, -517.93, 114.982, -1, 20),
	(3, 500, 1, 868, -517, 14.3514, -1, 45),
	(3, 500, 2, 883.549, -524.115, 10.1146, -1, 0),
	(3, 500, 3, 953.187, -556, 130.967, -1, 0),
	(3, 500, 4, 1023.45, -588.167, 1.97001, -1, 0),
	(3, 500, 5, 912.337, -705.623, 1.66239, -1, 0),
	(3, 500, 6, 831.303, -797.188, 7.93143, -1, 0),
	(3, 500, 7, 741.393, -898.802, 121.097, -1, 0),
	(3, 500, 8, 713.611, -930.194, 116.427, -1, 0),
	(3, 500, 9, 610.559, -1046.64, 20.831, -1, 0),
	(3, 500, 10, 566.983, -1095.87, 3.22369, -1, 0),
	(3, 500, 11, 554.484, -1109.99, 7.48142, -1, 45),
	(3, 500, 12, 517.141, -1097.13, 5.7991, -1, 0),
	(3, 500, 13, 512.098, -1095.39, 6.28419, -1, 0),
	(3, 500, 14, 467.678, -1080.1, 18.014, -1, 0),
	(3, 500, 15, 428.771, -1079.19, 28.2669, -1, 0),
	(3, 500, 16, 329.132, -1079.19, 40.7559, -1, 45),
	(3, 500, 17, 291.503, -1018.12, 2.69484, -1, 0),
	(3, 500, 18, 255.916, -960.36, 8.55705, -1, 0),
	(3, 500, 19, 215.976, -895.532, 5.81526, -1, 0),
	(3, 500, 20, 176.948, -832.188, 26.0083, -1, 0),
	(3, 500, 21, 156.745, -799.393, 19.311, -1, 0),
	(3, 500, 22, 138.344, -769.522, 1.41146, -1, 45),
	(3, 500, 23, 112.302, -804.623, 0.151335, -1, 0),
	(3, 500, 24, 7.91316, -945.331, -2.46543, -1, 0),
	(3, 500, 25, -29.8142, -996.193, 12.5298, -1, 0),
	(3, 500, 26, -151.892, -1160.75, -3.55104, -1, 45),
	(3, 500, 27, -270.841, -1079.01, 83.2004, -1, 0),
	(3, 500, 28, -329.212, -1038.92, 7.66826, -1, 0),
	(3, 500, 29, -388.412, -998.278, 115.549, -1, 0),
	(3, 500, 30, -491.602, -927.445, 35.7097, -1, 45),
	(3, 500, 31, -483.33, -899.141, 50.6102, -1, 0),
	(3, 500, 32, -473.478, -829.606, 14.6377, -1, 0),
	(3, 500, 33, -452.335, -828.551, 7.52128, -1, 0),
	(3, 500, 34, -447.469, -798.275, -5.84939, -1, 0),
	(3, 500, 35, -439.256, -747.197, 3.23354, -1, 0),
	(3, 500, 36, -431.934, -701.693, 2.22322, -1, 0),
	(3, 500, 37, -428.208, -678.509, 9.19528, -1, 45),
	(3, 500, 38, -320.956, -717.521, -8.8104, -1, 0),
	(3, 500, 39, -276.469, -733.423, -0.724802, -1, 0),
	(3, 500, 40, -192.731, -763.363, -5.83688, -1, 0),
	(3, 500, 41, -101.675, -795.916, 10.1263, -1, 0),
	(3, 500, 42, -10.3464, -828.573, 11.2412, -1, 0),
	(3, 500, 43, 69.4342, -857.096, -1.28479, -1, 0),
	(3, 500, 44, 111.15, -876.563, -4.27354, -1, 0),
	(3, 500, 45, 159.702, -901.74, -0.60318, -1, 0),
	(3, 500, 46, 258.928, -953.198, 9.55637, -1, 45),
	(3, 500, 47, 410.872, -876.045, 19.926, -1, 0),
	(3, 500, 48, 472.749, -837.891, -12.0366, -1, 0),
	(3, 500, 49, 549.057, -790.803, -7.63192, -1, 0),
	(3, 500, 50, 693.138, -699.333, 69.4349, -1, 0),
	(3, 500, 51, 715.748, -684.612, 72.2397, -1, 0),
	(3, 500, 52, 750.121, -662.235, 58.1228, -1, 0),
	(3, 500, 53, 809.567, -623.53, 24.5253, -1, 0),
	(3, 500, 54, 868.015, -516.2, 14.3987, -1, 0),
	(4, 500, 1, -49.5961, 205.385, 15.2514, -1, 45),
	(4, 500, 2, -51.9119, 299.97, 19.2258, -1, 0),
	(4, 500, 3, -47.6279, 352.706, 42.6161, -1, 0),
	(4, 500, 4, -62.8188, 429.786, 33.6377, -1, 0),
	(4, 500, 5, -71.1946, 514.864, 44.304, -1, 0),
	(4, 500, 6, -90.7328, 713.271, 160.045, -1, 45),
	(4, 500, 7, 0.428654, 693.948, 153.276, -1, 0),
	(4, 500, 8, 109.904, 658.385, 124.084, -1, 0),
	(4, 500, 9, 155.301, 642.756, 104.048, -1, 0),
	(4, 500, 10, 227.733, 617.823, 95.9262, -1, 0),
	(4, 500, 11, 273.369, 602.112, 83.3294, -1, 0),
	(4, 500, 12, 301.925, 592.281, 83.8726, -1, 0),
	(4, 500, 13, 566.333, 501.233, 43.8134, -1, 0),
	(4, 500, 14, 711.486, 451.245, 43.0444, -1, 45),
	(4, 500, 15, 716.289, 403.318, 52.3046, -1, 0),
	(4, 500, 16, 729.723, 320.482, -11.9352, -1, 0),
	(4, 500, 17, 739.361, 285.63, 11.7028, -1, 0),
	(4, 500, 18, 723.702, 245.105, 14.2494, -1, 0),
	(4, 500, 19, 737.067, 228.802, 35.3955, -1, 0),
	(4, 500, 20, 771.031, 154.551, -3.21196, -1, 45),
	(4, 500, 21, 735.87, 131.97, -4.31148, -1, 0),
	(4, 500, 22, 718.233, 4.10292, 46.3021, -1, 0),
	(4, 500, 23, 670.871, -97.3241, 66.3514, -1, 0),
	(4, 500, 24, 514.061, -106.947, 2.24856, -1, 0),
	(4, 500, 25, 296.834, -293.99, -6.73612, -1, 45),
	(4, 500, 26, 226.837, -182.092, 27.2543, -1, 0),
	(4, 500, 27, 211.416, -157.069, 23.0625, -1, 0),
	(4, 500, 28, 189.155, -120.951, 32.9001, -1, 0),
	(4, 500, 29, 126.353, -71.9417, 1.88951, -1, 0),
	(4, 500, 30, 74.8059, -31.7139, 12.818, -1, 0),
	(4, 500, 31, 32.6116, 1.2133, -1.73161, -1, 0),
	(4, 500, 32, 21.4705, 12.298, 5.356, -1, 0),
	(4, 500, 33, -66.571, 122.297, 3.50907, -1, 0),
	(4, 500, 34, -88.1333, 149.236, -2.63768, -1, 0),
	(4, 500, 35, -163.07, 242.85, -3.14386, -1, 45),
	(4, 500, 36, -205.265, 388.58, 8.70998, -1, 0),
	(4, 500, 37, -224.196, 460.428, 37.1987, -1, 0),
	(4, 500, 38, -235.682, 504.022, 75.2479, -1, 0),
	(4, 500, 39, -267.462, 624.616, 140.722, -1, 0),
	(4, 500, 40, -287.314, 645.98, 130.765, -1, 0),
	(4, 500, 41, -313.558, 674.239, 133.957, -1, 0),
	(4, 500, 42, -340.376, 703.109, 126.301, -1, 0),
	(4, 500, 43, -363.129, 727.61, 127.793, -1, 0),
	(4, 500, 44, -431.995, 801.737, 75.6395, -1, 0),
	(4, 500, 45, -532.428, 964.63, 141.351, -1, 45),
	(4, 500, 46, -517.06, 964.06, 137.887, -1, 0),
	(4, 500, 47, -349.484, 949.193, 146.314, -1, 0),
	(4, 500, 48, -187.687, 905.579, 181.186, -1, 0),
	(4, 500, 49, -85.9103, 866.381, 182.33, -1, 45),
	(4, 500, 50, -107.506, 703.882, 154.545, -1, 0),
	(4, 500, 51, -125.308, 596.966, 92.6889, -1, 0),
	(4, 500, 52, -131.243, 562.703, 83.5239, -1, 0),
	(4, 500, 53, -157.294, 427.455, 17.0269, -1, 0),
	(4, 500, 54, -167.598, 375.591, 7.67988, -1, 0),
	(4, 500, 55, -101.919, 250.893, 0.313383, -1, 0),
	(4, 500, 56, -49.0048, 204.25, 15.3515, -1, 0),
	(5, 500, 1, 758, -1173, 46.5252, -1, 45),
	(5, 500, 2, 722.361, -1177.81, 56.9427, -1, 0),
	(5, 500, 3, 617.9, -1191.95, 16.0711, -1, 0),
	(5, 500, 4, 509.31, -1200.07, 40.611, -1, 0),
	(5, 500, 5, 412.807, -1200.07, -1.93904, -1, 0),
	(5, 500, 6, 212.306, -1200.07, -6.52287, -1, 45),
	(5, 500, 7, 270.969, -1099.35, 29.3226, -1, 0),
	(5, 500, 8, 311.376, -1029.97, 17.8425, -1, 0),
	(5, 500, 9, 330.702, -996.79, 3.33659, -1, 0),
	(5, 500, 10, 410.371, -860.036, 25.8798, -1, 0),
	(5, 500, 11, 497.379, -710.684, 29.3678, -1, 0),
	(5, 500, 12, 562.068, -599.604, 20.7097, -1, 45),
	(5, 500, 13, 422.8, -585.866, 46.6412, -1, 0),
	(5, 500, 14, 409.001, -575.628, 32.5719, -1, 0),
	(5, 500, 15, 366.468, -544.079, 21.5835, -1, 0),
	(5, 500, 16, 304.313, -497.977, 64.1889, -1, 0),
	(5, 500, 17, 253.695, -460.44, 75.0913, -1, 45),
	(5, 500, 18, 256.858, -498.566, 92.5821, -1, 0),
	(5, 500, 19, 255.628, -598.144, 57.898, -1, 0),
	(5, 500, 20, 254.948, -653.268, 14.2848, -1, 0),
	(5, 500, 21, 254.4, -698.14, 11.6926, -1, 0),
	(5, 500, 22, 253.695, -755.207, 33.0449, -1, 0),
	(5, 500, 23, 242.026, -799.779, 37.9241, -1, 0),
	(5, 500, 24, 217.913, -891.236, 6.62245, -1, 0),
	(5, 500, 25, 173.098, -1061.2, -0.849569, -1, 45),
	(5, 500, 26, 109.763, -1041.74, -7.88279, -1, 0),
	(5, 500, 27, 0.966251, -1010.16, -6.46025, -1, 45),
	(5, 500, 28, -54.7018, -964.455, 26.9817, -1, 0),
	(5, 500, 29, -89.414, -935.957, 18.1274, -1, 0),
	(5, 500, 30, -136.513, -897.29, 21.4058, -1, 0),
	(5, 500, 31, -164.326, -874.454, 34.2291, -1, 0),
	(5, 500, 32, -190.473, -852.982, 20.9826, -1, 45),
	(5, 500, 33, -139.175, -799.095, 3.95988, -1, 0),
	(5, 500, 34, -84.3018, -741.448, 10.243, -1, 0),
	(5, 500, 35, -42.3766, -697.401, 6.58255, -1, 0),
	(5, 500, 36, 113.307, -654.275, 63.9949, -1, 45),
	(5, 500, 37, 145.756, -698.921, 15.4198, -1, 0),
	(5, 500, 38, 173.344, -731.706, 3.61256, -1, 0),
	(5, 500, 39, 220.465, -787.707, 40.1198, -1, 0),
	(5, 500, 40, 269.62, -837.299, 20.4648, -1, 0),
	(5, 500, 41, 371.633, -836.027, 36.5009, -1, 0),
	(5, 500, 42, 409.117, -835.562, 35.0099, -1, 45),
	(5, 500, 43, 427.483, -882.235, 5.26796, -1, 0),
	(5, 500, 44, 433.796, -896.968, 11.3968, -1, 0),
	(5, 500, 45, 475.864, -995.169, 7.34893, -1, 0),
	(5, 500, 46, 481.128, -1027.93, 15.7369, -1, 0),
	(5, 500, 47, 505.638, -1102.15, 5.80615, -1, 45),
	(5, 500, 48, 610.315, -1121.58, 3.72038, -1, 0),
	(5, 500, 49, 670.798, -1132.81, 8.69305, -1, 45),
	(5, 500, 50, 681.68, -1100.22, 3.92718, -1, 0),
	(5, 500, 51, 716.411, -997.033, 122.425, -1, 0),
	(5, 500, 52, 745.088, -897.964, 122.106, -1, 0),
	(5, 500, 53, 781.701, -796.665, 9.60805, -1, 0),
	(5, 500, 54, 817.113, -699.151, 24.2784, -1, 0),
	(5, 500, 55, 801.829, -509.073, 27.9706, -1, 0),
	(5, 500, 56, 710.441, -485.376, 107.973, -1, 0),
	(5, 500, 57, 710.435, -412.565, 98.9398, -1, 0),
	(5, 500, 58, 791.838, -301.421, 6.24091, -1, 0),
	(5, 500, 59, 821.056, -304.267, 3.45319, -1, 0),
	(5, 500, 60, 847.08, -479.886, 19.7359, -1, 0),
	(5, 500, 61, 866.107, -542.813, 13.4682, -1, 0),
	(5, 500, 62, 906.157, -597.095, 124.847, -1, 45),
	(5, 500, 63, 831.424, -578.646, 21.0703, -1, 0),
	(5, 500, 64, 715.401, -594.063, 15.495, -1, 0),
	(5, 500, 65, 550.707, -682.037, 22.7432, -1, 0),
	(5, 500, 66, 550.707, -682.037, 22.7432, -1, 0),
	(5, 500, 67, 412.093, -712.033, 42.2521, -1, 45),
	(5, 500, 68, 401.515, -591.975, 34.8072, -1, 0),
	(5, 500, 69, 394.456, -515.601, 19.4439, -1, 0),
	(5, 500, 70, 392.798, -498.753, 25.4066, -1, 0),
	(5, 500, 71, 403.081, -406.546, 19.1479, -1, 0),
	(5, 500, 72, 389.14, -526.384, 20.8743, -1, 0),
	(5, 500, 73, 396.769, -593.731, 34.5465, -1, 0),
	(5, 500, 74, 405.781, -634.098, 37.501, -1, 0),
	(5, 500, 75, 440.774, -766.887, 42.0582, -1, 0),
	(5, 500, 76, 462.566, -849.603, -8.44518, -1, 0),
	(5, 500, 77, 475.443, -898.481, 11.5932, -1, 0),
	(5, 500, 78, 523.164, -964.833, 11.4041, -1, 0),
	(5, 500, 79, 577.34, -1032.54, 28.9112, -1, 0),
	(5, 500, 80, 614.032, -1100.52, 0.236015, -1, 45),
	(5, 500, 81, 642.544, -1164.18, 12.2951, -1, 0),
	(5, 500, 82, 692.746, -1215.72, 68.633, -1, 0),
	(5, 500, 83, 817.715, -1297.33, -11.9195, -1, 0),
	(5, 500, 84, 914.507, -1348.18, -6.667, -1, 0),
	(5, 500, 85, 935.967, -1408.5, -3.72383, -1, 0),
	(5, 500, 86, 819.5, -1250.8, -11.9827, -1, 0),
	(5, 500, 87, 780.832, -1221.71, 41.2337, -1, 0),
	(5, 500, 88, 768.209, -1198.77, 51.2271, -1, 0),
	(5, 500, 89, 758.682, -1174.08, 46.6611, -1, 0),
	(6, 500, 1, 1258.46, 496.334, 16.4779, -1, 30),
	(6, 500, 2, 1259.92, 502.29, 10.5642, -1, 0),
	(6, 500, 3, 1272.27, 562.527, 7.20353, -1, 0),
	(6, 500, 4, 1255.57, 601.773, 23.6414, -1, 0),
	(6, 500, 5, 1250.77, 642.308, 21.6227, -1, 0),
	(6, 500, 6, 1235.08, 725.926, 52.3157, -1, 0),
	(6, 500, 7, 1226.43, 762.548, 93.3378, -1, 45),
	(6, 500, 8, 1226.43, 776.341, 11.3866, -1, 0),
	(6, 500, 9, 1226.43, 787.866, 7.52157, -1, 0),
	(6, 500, 10, 1226.43, 814.744, 1.56908, -1, 0),
	(6, 500, 11, 1226.43, 903.631, 80.9295, -1, 0),
	(6, 500, 12, 1226.55, 1002.59, 106.381, -1, 45),
	(6, 500, 13, 1107.57, 976.88, 89.6992, -1, 0),
	(6, 500, 14, 957.123, 898.793, 102.145, -1, 0),
	(6, 500, 15, 909.97, 874.319, 106.854, -1, 0),
	(6, 500, 16, 769.773, 801.546, 172.345, -1, 0),
	(6, 500, 17, 715.528, 700.978, 113.094, -1, 0),
	(6, 500, 18, 683.079, 601.043, 83.9186, -1, 0),
	(6, 500, 19, 669.478, 558.143, 58.8572, -1, 0),
	(6, 500, 20, 652.154, 503.496, 38.0499, -1, 0),
	(6, 500, 21, 618.799, 398.34, 59.9944, -1, 0),
	(6, 500, 22, 590.317, 308.552, 47.7268, -1, 45),
	(6, 500, 23, 581.582, 301.205, 46.0687, -1, 0),
	(6, 500, 24, 491.465, 202.972, 1.92722, -1, 0),
	(6, 500, 25, 409.504, 101.138, 27.7425, -1, 0),
	(6, 500, 26, 355.214, 3.38473, -1.01251, -1, 0),
	(6, 500, 27, 301.874, -102.525, 31.461, -1, 0),
	(6, 500, 28, 243.894, -207.804, 17.275, -1, 45),
	(6, 500, 29, 221.815, -187.792, 26.8524, -1, 0),
	(6, 500, 30, 212.391, -179.745, 25.0968, -1, 0),
	(6, 500, 31, 159.383, -149.718, 52.8581, -1, 0),
	(6, 500, 32, 159.383, -149.718, 52.8581, -1, 0),
	(6, 500, 33, 106.006, -119.481, 23.9843, -1, 0),
	(6, 500, 34, 77.0545, -103.08, 24.1082, -1, 0),
	(6, 500, 35, 30.3759, -76.6364, 39.0107, -1, 0),
	(6, 500, 36, -33.2891, -40.5682, 21.6696, -1, 0),
	(6, 500, 37, -94.0574, -35.4947, 5.32288, -1, 0),
	(6, 500, 38, -190.55, -23.5922, 13.9065, -1, 45),
	(6, 500, 39, -185.148, 0.463331, -2.33561, -1, 0),
	(6, 500, 40, -120.69, 287.351, 0.249846, -1, 0),
	(6, 500, 41, -90.5285, 421.607, 18.5206, -1, 0),
	(6, 500, 42, -72.7448, 500.767, 44.874, -1, 45),
	(6, 500, 43, 4.91337, 499.79, 83.7008, -1, 0),
	(6, 500, 44, 109.889, 474.825, 133.728, -1, 0),
	(6, 500, 45, 282.528, 472.664, 62.7112, -1, 0),
	(6, 500, 46, 311.654, 472.302, 39.4366, -1, 0),
	(6, 500, 47, 472.376, 470.283, 38.5308, -1, 0),
	(6, 500, 48, 509.116, 469.822, 45.4846, -1, 0),
	(6, 500, 49, 574.028, 469.01, 42.5834, -1, 0),
	(6, 500, 50, 609.24, 468.57, 47.7389, -1, 0),
	(6, 500, 51, 710.308, 450.39, 43.4759, -1, 0),
	(6, 500, 52, 810.846, 434.186, 11.5875, -1, 45),
	(6, 500, 53, 835.558, 427.888, 22.9392, -1, 0),
	(6, 500, 54, 1010.08, 399.775, 8.09927, -1, 0),
	(6, 500, 55, 1103.19, 390.033, 51.7291, -1, 0),
	(6, 500, 56, 1175.79, 403.671, 79.9211, -1, 0),
	(6, 500, 57, 1260.85, 501.019, 12.6309, -1, 15),
	(7, 500, 1, 63.5507, -75.4938, 24.3135, -1, 25),
	(7, 500, 2, 110.044, -61.3882, 1.15074, -1, 0),
	(7, 500, 3, 193.116, -42.3846, 1.47167, -1, 0),
	(7, 500, 4, 294.972, -35.6245, 7.79967, -1, 0),
	(7, 500, 5, 375.569, -29.6801, 11.001, -1, 0),
	(7, 500, 6, 413.839, -26.8564, 5.00211, -1, 0),
	(7, 500, 7, 480.964, -21.9072, 2.26719, -1, 0),
	(7, 500, 8, 594.246, -13.5469, -4.47603, -1, 0),
	(7, 500, 9, 709.925, 31.7884, 27.815, -1, 0),
	(7, 500, 10, 765.402, 57.2069, 18.0545, -1, 0),
	(7, 500, 11, 809.851, 77.5679, 24.7591, -1, 0),
	(7, 500, 12, 866.243, 103.404, 4.86893, -1, 0),
	(7, 500, 13, 929.304, 132.29, 9.97995, -1, 45),
	(7, 500, 14, 951.988, 102.454, 19.117, -1, 0),
	(7, 500, 15, 1023.72, 8.10854, 98.879, -1, 0),
	(7, 500, 16, 1073.5, -33.8666, 28.7536, -1, 0),
	(7, 500, 17, 1110.19, -64.7956, 75.2352, -1, 0),
	(7, 500, 18, 1148.36, -96.9707, 62.9508, -1, 0),
	(7, 500, 19, 1182.87, -126.07, 23.575, -1, 0),
	(7, 500, 20, 1264.64, -195.006, 35.7785, -1, 45),
	(7, 500, 21, 1227.96, -297.307, 122.708, -1, 0),
	(7, 500, 22, 1191.7, -398.228, 125.841, -1, 0),
	(7, 500, 23, 1107.41, -506.012, 23.868, -1, 0),
	(7, 500, 24, 1025.46, -610.713, -8.83811, -1, 0),
	(7, 500, 25, 957.893, -697.198, -3.78837, -1, 45),
	(7, 500, 26, 925.93, -685.758, 0.956968, -1, 0),
	(7, 500, 27, 855.982, -651.594, 73.2245, -1, 0),
	(7, 500, 28, 813.4, -630.801, 26.6627, -1, 0),
	(7, 500, 29, 784.182, -626.456, 38.4511, -1, 0),
	(7, 500, 30, 712.261, -615.753, 26.7476, -1, 0),
	(7, 500, 31, 696.406, -613.381, 15.8695, -1, 0),
	(7, 500, 32, 597.284, -598.625, 18.4756, -1, 0),
	(7, 500, 33, 435.24, -574.505, 56.0635, -1, 45),
	(7, 500, 34, 410.623, -554.097, 28.6663, -1, 0),
	(7, 500, 35, 388.47, -521.793, 19.9208, -1, 0),
	(7, 500, 36, 372.923, -499.123, 33.6503, -1, 0),
	(7, 500, 37, 347.243, -461.686, 43.9262, -1, 0),
	(7, 500, 38, 311.813, -410.043, 14.1528, -1, 0),
	(7, 500, 39, 266.056, -343.336, 12.8584, -1, 0),
	(7, 500, 40, 235.214, -298.374, -3.15809, -1, 0),
	(7, 500, 41, 179.98, -239.312, 26.9622, -1, 0),
	(7, 500, 42, 146.385, -199.389, 63.8462, -1, 0),
	(7, 500, 43, 130.7, -180.747, 72.3543, -1, 0),
	(7, 500, 44, 71.9667, -96.6139, 23.0283, -1, 0),
	(7, 500, 45, 7.45553, -3.16386, 1.94222, -1, 0),
	(7, 500, 46, -71.4584, 111.859, 0.243921, -1, 0),
	(7, 500, 47, -90.6659, 139.858, -3.53415, -1, 45),
	(7, 500, 48, -220.083, 3.88529, 0.332939, -1, 0),
	(7, 500, 49, -287.994, -67.4676, 37.7658, -1, 0),
	(7, 500, 50, -316.853, -97.7855, 25.4468, -1, 0),
	(7, 500, 51, -413.105, -198.887, 73.017, -1, 0),
	(7, 500, 52, -481.165, -270.374, 51.5464, -1, 0),
	(7, 500, 53, -508.935, -299.542, 48.9051, -1, 45),
	(7, 500, 54, -489.243, -345.583, 32.7011, -1, 0),
	(7, 500, 55, -475.268, -383.158, 22.7659, -1, 0),
	(7, 500, 56, -469.839, -397.728, 11.7986, -1, 0),
	(7, 500, 57, -447.587, -457.561, 8.90517, -1, 0),
	(7, 500, 58, -433.074, -496.582, 0.487152, -1, 0),
	(7, 500, 59, -419.47, -533.152, 17.673, -1, 0),
	(7, 500, 60, -395.286, -598.137, 37.1875, -1, 0),
	(7, 500, 61, -385.04, -625.672, 24.8633, -1, 45),
	(7, 500, 62, -291.426, -510.514, 37.992, -1, 0),
	(7, 500, 63, -216.205, -397.942, 89.0664, -1, 0),
	(7, 500, 64, -184.477, -350.459, 82.4368, -1, 0),
	(7, 500, 65, -149.489, -298.099, 82.6542, -1, 0),
	(7, 500, 66, -90.3652, -209.604, 129.264, -1, 0),
	(7, 500, 67, -82.755, -198.214, 130.77, -1, 0),
	(7, 500, 68, 11.7585, -117.357, 63.0235, -1, 0),
	(7, 500, 69, 33.3974, -99.1455, 41.7958, -1, 0),
	(7, 500, 70, 62.0761, -75.0132, 24.9361, -1, 20),
	(8, 500, 1, -655.907, -331.47, 24.4028, -1, 5),
	(8, 500, 2, -657.434, -394.646, 7.61865, -1, 0),
	(8, 500, 3, -659.938, -497.902, 16.216, -1, 0),
	(8, 500, 4, -666.923, -597.841, 93.759, -1, 0),
	(8, 500, 5, -669.226, -692.914, 88.1253, -1, 45),
	(8, 500, 6, -596.425, -709.501, 34.6841, -1, 0),
	(8, 500, 7, -510.752, -720.006, 5.08147, -1, 0),
	(8, 500, 8, -418.891, -726.705, 1.65667, -1, 0),
	(8, 500, 9, -332.619, -732.992, -11.9078, -1, 0),
	(8, 500, 10, -287.255, -736.282, -0.091526, -1, 0),
	(8, 500, 11, -221.194, -741.094, -2.02064, -1, 0),
	(8, 500, 12, -188.515, -743.472, -6.71983, -1, 45),
	(8, 500, 13, -140.602, -699.344, 0.453002, -1, 0),
	(8, 500, 14, -16.7295, -597.625, 122.994, -1, 0),
	(8, 500, 15, 104.956, -497.684, 60.2339, -1, 0),
	(8, 500, 16, 172.881, -441.91, 53.5865, -1, 45),
	(8, 500, 17, 178.447, -396.717, 57.075, -1, 0),
	(8, 500, 18, 181.839, -369.154, 68.8994, -1, 0),
	(8, 500, 19, 185.438, -339.923, 28.3028, -1, 0),
	(8, 500, 20, 190.235, -300.95, 8.01058, -1, 0),
	(8, 500, 21, 194.922, -262.894, 14.4102, -1, 45),
	(8, 500, 22, 387.89, -196.487, 5.74304, -1, 0),
	(8, 500, 23, 470.946, -141.132, 3.02805, -1, 45),
	(8, 500, 24, 460.497, -64.2749, 7.02025, -1, 0),
	(8, 500, 25, 446.609, 37.8795, -4.67751, -1, 0),
	(8, 500, 26, 434.616, 126.111, 21.8784, -1, 0),
	(8, 500, 27, 424.908, 197.513, 1.03946, -1, 45),
	(8, 500, 28, 299.744, 199.042, 18.8795, -1, 0),
	(8, 500, 29, 204.339, 211.036, 31.6118, -1, 0),
	(8, 500, 30, 118.446, 206.849, 2.58211, -1, 0),
	(8, 500, 31, 9.07992, 197.426, 36.1736, -1, 0),
	(8, 500, 32, -95.7091, 188.392, -0.68084, -1, 45),
	(8, 500, 33, -253.029, 1.36381, 3.97404, -1, 0),
	(8, 500, 34, -290.379, -43.0399, 25.9075, -1, 0),
	(8, 500, 35, -347.26, -117.34, 22.6676, -1, 0),
	(8, 500, 36, -474.388, -184.151, 14.0092, -1, 0),
	(8, 500, 37, -491.089, -192.558, 22.4432, -1, 0),
	(8, 500, 38, -656.6, -329.817, 24.9296, -1, 40),
	(9, 500, 1, 662.423, 19.4984, 10.7339, -1, 0),
	(9, 500, 2, 706.563, 45.2336, 19.2729, -1, 0),
	(9, 500, 3, 779.237, 71.2796, 11.5564, -1, 0),
	(9, 500, 4, 810.4, 82.4332, 19.5865, -1, 0),
	(9, 500, 5, 867.114, 102.738, 5.01379, -1, 0),
	(9, 500, 6, 1043.48, 165.883, 24.4349, -1, 45),
	(9, 500, 7, 1018.63, 103.821, 30.5335, -1, 0),
	(9, 500, 8, 978.173, 2.79104, 110.829, -1, 0),
	(9, 500, 9, 937.96, -97.6179, -15.6977, -1, 0),
	(9, 500, 10, 897.92, -197.571, 97.9445, -1, 0),
	(9, 500, 11, 874.88, -255.081, 43.8781, -1, 0),
	(9, 500, 12, 870.025, -267.212, 47.8408, -1, 45),
	(9, 500, 13, 851.054, -288.118, 9.55838, -1, 0),
	(9, 500, 14, 842.455, -297.577, 0.35574, -1, 0),
	(9, 500, 15, 810.951, -332.292, 10.1121, -1, 0),
	(9, 500, 16, 711.161, -442.276, 102.688, -1, 0),
	(9, 500, 17, 660.417, -498.187, 99.2697, -1, 0),
	(9, 500, 18, 569.551, -598.294, 20.2083, -1, 0),
	(9, 500, 19, 509.769, -697.042, 26.5437, -1, 45),
	(9, 500, 20, 411.76, -767.835, 46.4842, -1, 0),
	(9, 500, 21, 309.239, -841.843, 24.1925, -1, 0),
	(9, 500, 22, 277.001, -799.564, 33.7157, -1, 0),
	(9, 500, 23, 247.011, -765.648, 34.9819, -1, 45),
	(9, 500, 24, 171.494, -737.552, 2.80219, -1, 0),
	(9, 500, 25, 98.2926, -710.316, 20.7394, -1, 0),
	(9, 500, 26, 72.7513, -700.811, 14.5029, -1, 0),
	(9, 500, 27, -120.43, -628.923, 76.8851, -1, 0),
	(9, 500, 28, -188.426, -603.609, 39.1794, -1, 0),
	(9, 500, 29, -203.574, -597.964, 35.1825, -1, 0),
	(9, 500, 30, -287.572, -566.688, 12.9742, -1, 0),
	(9, 500, 31, -339.298, -547.443, 39.4606, -1, 0),
	(9, 500, 32, -387.748, -529.383, 14.4633, -1, 0),
	(9, 500, 33, -413.099, -519.946, 12.4777, -1, 0),
	(9, 500, 34, -470.597, -498.554, -2.2602, -1, 45),
	(9, 500, 35, -449.645, -399.676, 15.4236, -1, 0),
	(9, 500, 36, -428.302, -298.925, 90.1378, -1, 0),
	(9, 500, 37, -408.002, -203.135, 77.8474, -1, 0),
	(9, 500, 38, -381.789, -79.5281, -26.2472, -1, 0),
	(9, 500, 39, -364.5, 1.90966, 14.4202, -1, 0),
	(9, 500, 40, -287.904, 105.175, 36.969, -1, 0),
	(9, 500, 41, -202.758, 103.627, 0.239653, -1, 0),
	(9, 500, 42, -22.1266, 59.639, 1.64837, -1, 45),
	(9, 500, 43, 110.377, 103.904, 58.913, -1, 45),
	(9, 500, 44, 239.693, 131.6, 34.3587, -1, 0),
	(9, 500, 45, 354.45, 147.184, 6.68351, -1, 0),
	(9, 500, 46, 486.788, 202.263, 1.48002, -1, 45),
	(9, 500, 47, 491.051, 182.719, 7.12011, -1, 0),
	(9, 500, 48, 528.403, 93.8038, -13.0916, -1, 0),
	(9, 500, 49, 555.59, 39.7218, -4.31745, -1, 0),
	(9, 500, 50, 661.001, 17.0999, 11.26, -1, 45),
	(10, 500, 1, 749.589, 272.324, 28.2748, -1, 0),
	(10, 500, 2, 739.963, 331.955, -10.1986, -1, 0),
	(10, 500, 3, 728.464, 403.347, 48.5466, -1, 45),
	(10, 500, 4, 610.467, 419.336, 57.5617, -1, 0),
	(10, 500, 5, 471.608, 457.429, 36.3917, -1, 0),
	(10, 500, 6, 313.198, 503.302, 47.8076, -1, 0),
	(10, 500, 7, 229.729, 527.462, 91.3445, -1, 45),
	(10, 500, 8, 212.309, 511.658, 93.1455, -1, 0),
	(10, 500, 9, 110.994, 448.302, 137.184, -1, 0),
	(10, 500, 10, 20.7548, 402.838, 101.55, -1, 0),
	(10, 500, 11, -88.4534, 347.826, 8.12562, -1, 0),
	(10, 500, 12, -188.282, 294.446, -2.11306, -1, 0),
	(10, 500, 13, -267.748, 251.951, 14.6527, -1, 45),
	(10, 500, 14, -250.632, 239.578, 17.9811, -1, 0),
	(10, 500, 15, -189, 195.025, -5.71892, -1, 0),
	(10, 500, 16, -88.3929, 122.294, -4.31665, -1, 0),
	(10, 500, 17, 36.1607, 32.2594, 15.3836, -1, 0),
	(10, 500, 18, 75.1039, 4.10982, -3.48897, -1, 0),
	(10, 500, 19, 96.7696, -11.5511, 0.934729, -1, 0),
	(10, 500, 20, 112.522, -22.9378, -4.051, -1, 0),
	(10, 500, 21, 150.124, -50.1207, -0.924102, -1, 0),
	(10, 500, 22, 211.239, -94.2981, 17.1166, -1, 0),
	(10, 500, 23, 266.477, -143.49, 29.4476, -1, 0),
	(10, 500, 24, 322.507, -191.826, 7.46577, -1, 45),
	(10, 500, 25, 409.107, -108.345, 13.5365, -1, 0),
	(10, 500, 26, 639.536, 33.7044, -6.35976, -1, 0),
	(10, 500, 27, 710.69, 89.7566, -1.4433, -1, 0),
	(10, 500, 28, 743.643, 115.486, -5.67307, -1, 45),
	(10, 500, 29, 763.419, 254.134, 50.1859, -1, 0),
	(10, 500, 30, 750.894, 277.726, 27.1356, -1, 0),
	(11, 500, 1, -349.139, -415.878, 39.91, -1, 20),
	(11, 500, 2, -298.534, -479.061, 43.9103, -1, 0),
	(11, 500, 3, -265.048, -511.505, 51.2254, -1, 0),
	(11, 500, 4, -232.882, -549.517, 52.5415, -1, 0),
	(11, 500, 5, -192.721, -592.727, 43.1322, -1, 0),
	(11, 500, 6, -141.841, -647.474, 51.9741, -1, 0),
	(11, 500, 7, -95.4482, -697.372, 8.66313, -1, 0),
	(11, 500, 8, -48.1627, -748.207, 7.94521, -1, 45),
	(11, 500, 9, 4.70778, -805.103, 14.3789, -1, 0),
	(11, 500, 10, 58.7779, -863.288, -1.10719, -1, 0),
	(11, 500, 11, 130.365, -940.339, -5.25171, -1, 45),
	(11, 500, 12, 168.173, -903.427, 0.211635, -1, 0),
	(11, 500, 13, 233.282, -839.859, 23.9611, -1, 0),
	(11, 500, 14, 277.022, -797.155, 34.3139, -1, 0),
	(11, 500, 15, 313.317, -761.714, 27.2549, -1, 0),
	(11, 500, 16, 413.531, -663.855, 39.549, -1, 45),
	(11, 500, 17, 471.27, -736.009, 35.1792, -1, 0),
	(11, 500, 18, 502.133, -774.566, -9.89588, -1, 0),
	(11, 500, 19, 530.124, -809.532, -13.4391, -1, 0),
	(11, 500, 20, 561.201, -848.364, 21.6334, -1, 0),
	(11, 500, 21, 607.375, -906.093, 27.4169, -1, 0),
	(11, 500, 22, 679.44, -996.178, 97.3093, -1, 0),
	(11, 500, 23, 692.745, -1012.81, 102.354, -1, 45),
	(11, 500, 24, 692.745, -1012.81, 102.354, -1, 0),
	(11, 500, 25, 752.047, -1086.9, 15.0224, -1, 0),
	(11, 500, 26, 784.739, -1127.75, 22.8499, -1, 0),
	(11, 500, 27, 812.948, -1163, 28.7319, -1, 0),
	(11, 500, 28, 826.897, -1180.43, 52.58, -1, 45),
	(11, 500, 29, 811.608, -1179.83, 32.578, -1, 0),
	(11, 500, 30, 776.778, -1197.87, 48.6389, -1, 0),
	(11, 500, 31, 640.894, -1268.26, 65.2349, -1, 0),
	(11, 500, 32, 590.39, -1294.43, 55.0414, -1, 0),
	(11, 500, 33, 510.29, -1335.92, 68.1286, -1, 0),
	(11, 500, 34, 427.812, -1378.64, 11.9034, -1, 45),
	(11, 500, 35, 312.21, -1288.34, -3.1073, -1, 0),
	(11, 500, 36, 177.856, -1230.67, -6.83541, -1, 0),
	(11, 500, 37, 109.343, -1201.28, 16.0808, -1, 0),
	(11, 500, 38, 30.1343, -1167.27, -13.5112, -1, 0),
	(11, 500, 39, -29.3807, -1141.7, 8.04694, -1, 0),
	(11, 500, 40, -100.964, -1110.99, 2.17557, -1, 0),
	(11, 500, 41, -243.874, -1049.59, 87.9916, -1, 0),
	(11, 500, 42, -307.494, -1022.24, 3.74834, -1, 0),
	(11, 500, 43, -388.25, -987.588, 117.47, -1, 45),
	(11, 500, 44, -388.893, -897.842, 130.013, -1, 0),
	(11, 500, 45, -403.593, -822.535, 1.64431, -1, 0),
	(11, 500, 46, -390.898, -730.778, -7.92865, -1, 0),
	(11, 500, 47, -399.189, -595.583, 36.8383, -1, 0),
	(11, 500, 48, -378.028, -496.894, 7.99918, -1, 0),
	(11, 500, 49, -349.808, -416.118, 39.5738, -1, 20),
	(12, 500, 1, 456, -368, 23.1841, -1, 0),
	(12, 500, 2, 509.835, -340.057, 39.7738, -1, 0),
	(12, 500, 3, 594.272, -296.228, 1.51638, -1, 0),
	(12, 500, 4, 622.503, -281.575, 6.32252, -1, 0),
	(12, 500, 5, 709.057, -236.644, 25.4656, -1, 0),
	(12, 500, 6, 810.469, -184.007, 88.599, -1, 0),
	(12, 500, 7, 892.785, -141.284, 22.951, -1, 45),
	(12, 500, 8, 888.193, -116.642, -4.75276, -1, 0),
	(12, 500, 9, 885.263, -100.932, -0.738284, -1, 0),
	(12, 500, 10, 872.882, -34.4645, 108.724, -1, 0),
	(12, 500, 11, 866.233, 1.21074, 115.46, -1, 0),
	(12, 500, 12, 863.913, 41.6114, 72.9213, -1, 0),
	(12, 500, 13, 849.327, 102.941, 2.57404, -1, 0),
	(12, 500, 14, 804.468, 201.12, 1.20762, -1, 0),
	(12, 500, 15, 770.309, 261.403, 54.2417, -1, 45),
	(12, 500, 16, 734.776, 199.579, 15.1659, -1, 0),
	(12, 500, 17, 712.139, 162.859, 9.43408, -1, 0),
	(12, 500, 18, 661.279, 102.366, -7.6056, -1, 0),
	(12, 500, 19, 492.404, -98.2762, 4.33769, -1, 45),
	(12, 500, 20, 345.207, -65.757, 22.0132, -1, 0),
	(12, 500, 21, 124.766, -27.5095, -3.55861, -1, 45),
	(12, 500, 22, 119.256, -95.8872, 5.72196, -1, 0),
	(12, 500, 23, 59.1577, -198.993, 99.6958, -1, 0),
	(12, 500, 24, -10.1581, -317.91, 112.031, -1, 45),
	(12, 500, 25, 11.0787, -341.926, 111.952, -1, 0),
	(12, 500, 26, 108.678, -383.016, 82.6355, -1, 0),
	(12, 500, 27, 177.525, -402.966, 54.4571, -1, 0),
	(12, 500, 28, 215.611, -413.999, 70.765, -1, 0),
	(12, 500, 29, 230.332, -418.26, 49.3536, -1, 0),
	(12, 500, 30, 307.332, -440.577, 32.373, -1, 0),
	(12, 500, 31, 351.06, -453.255, 39.8947, -1, 0),
	(12, 500, 32, 404.467, -468.727, 20.0797, -1, 0),
	(12, 500, 33, 493.398, -397.575, 83.1589, -1, 0),
	(12, 500, 34, 458.116, -368.433, 25.3503, -1, 45),
	(13, 500, 1, 492.802, -386.075, 72.9809, -1, 0),
	(13, 500, 2, 425.334, -582.044, 48.5517, -1, 0),
	(13, 500, 3, 423.701, -598.523, 35.3933, -1, 0),
	(13, 500, 4, 403.832, -799.908, 47.2484, -1, 0),
	(13, 500, 5, 393.465, -904.914, 11.7362, -1, 45),
	(13, 500, 6, 298.382, -914.983, 14.7202, -1, 0),
	(13, 500, 7, 68.7776, -940.354, -6.46144, -1, 0),
	(13, 500, 8, -81.8126, -1119.99, 7.43728, -1, 0),
	(13, 500, 9, -81.8126, -1119.99, 7.43728, -1, 45),
	(13, 500, 10, -34.3655, -1142.42, 9.68221, -1, 45),
	(13, 500, 11, 28.8211, -1167.61, -13.5036, -1, 0),
	(13, 500, 12, 106.377, -1198.56, 15.3511, -1, 0),
	(13, 500, 13, 180.919, -1228.31, -6.90805, -1, 0),
	(13, 500, 14, 403.262, -1316.96, -5.00293, -1, 45),
	(13, 500, 15, 510.487, -1241.3, 36.708, -1, 0),
	(13, 500, 16, 573.156, -1196.94, 25.5638, -1, 0),
	(13, 500, 17, 610.982, -1170.21, 11.5582, -1, 0),
	(13, 500, 18, 707.012, -1102.42, 6.0507, -1, 0),
	(13, 500, 19, 770.345, -1062.08, 37.6122, -1, 0),
	(13, 500, 20, 885.7, -998.505, 122.458, -1, 0),
	(13, 500, 21, 939.127, -969.052, 125.825, -1, 45),
	(13, 500, 22, 884.536, -927.751, 75.3482, -1, 0),
	(13, 500, 23, 871.206, -898.259, 95.2965, -1, 0),
	(13, 500, 24, 856.155, -858.234, 84.4283, -1, 0),
	(13, 500, 25, 821.6, -795.486, 7.88616, -1, 0),
	(13, 500, 26, 784.139, -727.462, 21.8917, -1, 0),
	(13, 500, 27, 767.31, -696.893, 49.8039, -1, 0),
	(13, 500, 28, 742.593, -666.736, 62.3634, -1, 0),
	(13, 500, 29, 686.808, -623.149, 18.2047, -1, 0),
	(13, 500, 30, 658.077, -598.356, 16.2983, -1, 0),
	(13, 500, 31, 572.225, -498.123, 100.566, -1, 0),
	(13, 500, 32, 511.294, -444.417, 107.27, -1, 0),
	(13, 500, 33, 494.102, -385.816, 73.5735, -1, 45),
	(14, 500, 1, -700.764, 297.492, 29.2682, -1, 5),
	(14, 500, 2, -749.549, 202.483, 72.7477, -1, 0),
	(14, 500, 3, -782.636, 102.497, 87.6699, -1, 0),
	(14, 500, 4, -820.451, 2.50029, 12.0394, -1, 0),
	(14, 500, 5, -815.661, -32.6404, 12.5553, -1, 0),
	(14, 500, 6, -806.99, -96.314, 3.56069, -1, 0),
	(14, 500, 7, -803.963, -118.54, 8.9618, -1, 0),
	(14, 500, 8, -787.163, -176.356, -0.788904, -1, 0),
	(14, 500, 9, -752.042, -297.216, 17.5554, -1, 45),
	(14, 500, 10, -688.186, -310.715, 34.0666, -1, 0),
	(14, 500, 11, -602.681, -396.644, -0.42783, -1, 0),
	(14, 500, 12, -501.097, -496.755, -3.13064, -1, 45),
	(14, 500, 13, -423.518, -400.232, 20.6073, -1, 0),
	(14, 500, 14, -329.674, -296.687, 122.085, -1, 0),
	(14, 500, 15, -271.355, -229.942, 127.815, -1, 45),
	(14, 500, 16, -253.499, -196.54, 126.468, -1, 0),
	(14, 500, 17, -92.7337, -39.678, 8.40563, -1, 0),
	(14, 500, 18, -64.4275, 6.33361, -11.9424, -1, 0),
	(14, 500, 19, 11.3402, 174.642, 31.7798, -1, 45),
	(14, 500, 20, -91.4995, 202.379, -0.014168, -1, 0),
	(14, 500, 21, -186.228, 227.523, -4.64703, -1, 0),
	(14, 500, 22, -247.851, 243.759, 16.9653, -1, 0),
	(14, 500, 23, -290.762, 255.066, 15.1242, -1, 0),
	(14, 500, 24, -328.323, 264.955, 35.1553, -1, 0),
	(14, 500, 25, -489.11, 279.251, 43.2104, -1, 0),
	(14, 500, 26, -511.137, 280.865, 29.8681, -1, 0),
	(14, 500, 27, -701.529, 298.26, 28.9083, -1, 40),
	(15, 500, 1, 886.73, -1059.87, 101.964, -1, 45),
	(15, 500, 2, 901.352, -1006.87, 120.408, -1, 0),
	(15, 500, 3, 903.884, -997.679, 129.393, -1, 0),
	(15, 500, 4, 977.471, -731.155, -4.0052, -1, 45),
	(15, 500, 5, 977.471, -731.155, -4.0052, -1, 0),
	(15, 500, 6, 964.765, -645.778, 0.821965, -1, 0),
	(15, 500, 7, 951.657, -557.675, 131.004, -1, 45),
	(15, 500, 8, 812.043, -598.644, 24.2051, -1, 0),
	(15, 500, 9, 713.488, -627.175, 34.3459, -1, 0),
	(15, 500, 10, 669.918, -639.786, 16.3878, -1, 0),
	(15, 500, 11, 411.518, -714.601, 42.5309, -1, 45),
	(15, 500, 12, 348.844, -800.268, 36.9257, -1, 0),
	(15, 500, 13, 291.177, -920.603, 13.9803, -1, 0),
	(15, 500, 14, 254.448, -998.177, 3.22043, -1, 45),
	(15, 500, 15, 303.727, -1001.77, 2.73429, -1, 0),
	(15, 500, 16, 510.896, -1007.26, 8.23626, -1, 0),
	(15, 500, 17, 608.476, -1013.24, 34.7472, -1, 0),
	(15, 500, 18, 669.945, -1039.55, 72.0613, -1, 0),
	(15, 500, 19, 827.829, -1078.87, 28.0073, -1, 0),
	(15, 500, 20, 886.301, -1060.56, 101.42, -1, 0),
	(16, 500, 1, -798.859, 332.754, 27.6092, -1, 25),
	(16, 500, 2, -758.551, 330.271, 20.7124, -1, 0),
	(16, 500, 3, -601.084, 320.567, 25.1302, -1, 0),
	(16, 500, 4, -476.017, 312.859, 26.7852, -1, 0),
	(16, 500, 5, -203.228, 307.557, -1.03852, -1, 45),
	(16, 500, 6, -90.0341, 289.278, 1.75527, -1, 0),
	(16, 500, 7, 90.2104, 282.594, 77.9495, -1, 0),
	(16, 500, 8, 205.901, 298.593, 50.4432, -1, 0),
	(16, 500, 9, 310.529, 310.169, 9.20792, -1, 0),
	(16, 500, 10, 507.297, 355.368, 42.1795, -1, 0),
	(16, 500, 11, 613.389, 380.543, 58.0408, -1, 0),
	(16, 500, 12, 708.988, 451.853, 43.2337, -1, 0),
	(16, 500, 13, 782.989, 500.052, -0.692586, -1, 0),
	(16, 500, 14, 859.401, 551.107, 14.8873, -1, 0),
	(16, 500, 15, 916.594, 589.307, 41.9997, -1, 0),
	(16, 500, 16, 1008.91, 650.958, 57.6585, -1, 45),
	(16, 500, 17, 932.055, 398.02, 6.48211, -1, 0),
	(16, 500, 18, 902.856, 301.972, 12.3492, -1, 0),
	(16, 500, 19, 871.825, 199.905, 4.32635, -1, 0),
	(16, 500, 20, 812.323, 103.359, -2.51733, -1, 0),
	(16, 500, 21, 749.417, 1.33696, 69.9779, -1, 0),
	(16, 500, 22, 746.118, -65.0145, 97.2977, -1, 0),
	(16, 500, 23, 744.145, -82.1031, 93.8102, -1, 45),
	(16, 500, 24, 726.609, -97.6023, 90.5583, -1, 0),
	(16, 500, 25, 610.722, -200.011, -7.48106, -1, 0),
	(16, 500, 26, 498.287, -299.385, -1.93443, -1, 0),
	(16, 500, 27, 304.189, -353.067, 2.6463, -1, 45),
	(16, 500, 28, 210.001, -349.117, 19.351, -1, 0),
	(16, 500, 29, 66.42, -345.534, 72.0977, -1, 0),
	(16, 500, 30, 9.76605, -344.126, 111.922, -1, 0),
	(16, 500, 31, -53.1845, -362.356, 110.987, -1, 45),
	(16, 500, 32, -93.5025, -334.684, 112.232, -1, 0),
	(16, 500, 33, -111.595, -322.266, 110.289, -1, 0),
	(16, 500, 34, -170.438, -281.876, 74.3351, -1, 0),
	(16, 500, 35, -233.553, -238.555, 125.962, -1, 0),
	(16, 500, 36, -289.275, -200.317, 128.851, -1, 0),
	(16, 500, 37, -404.941, -120.912, -11.9426, -1, 0),
	(16, 500, 38, -430.854, -103.076, -10.0995, -1, 0),
	(16, 500, 39, -475.529, -69.5755, 36.953, -1, 0),
	(16, 500, 40, -473.751, 53.8788, 75.0561, -1, 45),
	(16, 500, 41, -488.631, 63.5612, 83.5661, -1, 0),
	(16, 500, 42, -511.492, 78.4402, 75.7574, -1, 0),
	(16, 500, 43, -549.067, 102.9, 101.863, -1, 0),
	(16, 500, 44, -565.214, 124.697, 102.988, -1, 0),
	(16, 500, 45, -610.412, 185.712, 52.0009, -1, 0),
	(16, 500, 46, -654.699, 237.462, 51.782, -1, 0),
	(16, 500, 47, -717.875, 277.741, 39.4109, -1, 0),
	(16, 500, 48, -798.319, 333.092, 27.5887, -1, 20),
	(17, 500, 1, -600.699, -163.172, 15.2857, -1, 30),
	(17, 500, 2, -574.711, -84.5376, 25.6781, -1, 0),
	(17, 500, 3, -545.765, 3.04053, 28.0255, -1, 0),
	(17, 500, 4, -525.424, 64.5504, 62.4042, -1, 0),
	(17, 500, 5, -512.682, 103.068, 99.3165, -1, 0),
	(17, 500, 6, -495.997, 153.558, 98.1462, -1, 0),
	(17, 500, 7, -484.096, 189.568, 97.5174, -1, 45),
	(17, 500, 8, -464.442, 200.696, 96.9524, -1, 0),
	(17, 500, 9, -287.743, 300.718, -0.24773, -1, 0),
	(17, 500, 10, -192.416, 298.338, -0.7359, -1, 0),
	(17, 500, 11, -89.9133, 295.779, 1.88833, -1, 0),
	(17, 500, 12, 100.228, 291.043, 82.7228, -1, 0),
	(17, 500, 13, 190.26, 282.721, 42.0386, -1, 45),
	(17, 500, 14, 208.16, 266.087, 43.6349, -1, 0),
	(17, 500, 15, 243.214, 233.516, 24.3453, -1, 0),
	(17, 500, 16, 291.818, 188.357, 21.0936, -1, 0),
	(17, 500, 17, 345.324, 138.639, 7.87223, -1, 0),
	(17, 500, 18, 383.209, 103.441, 23.3339, -1, 0),
	(17, 500, 19, 411.884, 76.7948, 20.9728, -1, 0),
	(17, 500, 20, 449.602, 41.7457, -4.94773, -1, 0),
	(17, 500, 21, 540.872, -68.441, -0.061272, -1, 0),
	(17, 500, 22, 584.095, -98.1032, 23.1469, -1, 0),
	(17, 500, 23, 599.507, -108.68, 26.682, -1, 0),
	(17, 500, 24, 611.087, -116.627, 23.7938, -1, 0),
	(17, 500, 25, 676.818, -161.733, 42.4186, -1, 0),
	(17, 500, 26, 717.233, -189.464, 45.6576, -1, 0),
	(17, 500, 27, 774.348, -228.652, 58.566, -1, 45),
	(17, 500, 28, 690.702, -295.669, 1.47248, -1, 0),
	(17, 500, 29, 606.84, -364.39, 39.2186, -1, 0),
	(17, 500, 30, 510.666, -444.445, 107.169, -1, 0),
	(17, 500, 31, 504.35, -453.667, 103.038, -1, 0),
	(17, 500, 32, 489.058, -470.121, 111.122, -1, 45),
	(17, 500, 33, 498.324, -480.865, 102.908, -1, 0),
	(17, 500, 34, 511.495, -496.133, 117.901, -1, 0),
	(17, 500, 35, 559.694, -552.021, 54.1667, -1, 0),
	(17, 500, 36, 597.556, -595.927, 19.9128, -1, 0),
	(17, 500, 37, 650.811, -657.671, 16.1461, -1, 0),
	(17, 500, 38, 696.5, -710.629, 73.2055, -1, 0),
	(17, 500, 39, 744.058, -765.773, 16.7992, -1, 0),
	(17, 500, 40, 770.633, -796.586, 10.1108, -1, 0),
	(17, 500, 41, 837.034, -873.566, 107.967, -1, 0),
	(17, 500, 42, 858.404, -898.337, 105.142, -1, 0),
	(17, 500, 43, 882.627, -926.42, 73.7667, -1, 0),
	(17, 500, 44, 928.02, -979.043, 127.362, -1, 45),
	(17, 500, 45, 840.165, -970.307, 88.0597, -1, 0),
	(17, 500, 46, 810.617, -966.64, 110.483, -1, 0),
	(17, 500, 47, 750.422, -959.185, 130.404, -1, 0),
	(17, 500, 48, 712.299, -954.466, 118.854, -1, 0),
	(17, 500, 49, 613.073, -942.19, 35.2969, -1, 0),
	(17, 500, 50, 575.987, -937.58, 21.473, -1, 0),
	(17, 500, 51, 470.649, -924.551, 9.84093, -1, 0),
	(17, 500, 52, 312.085, -904.966, 15.9953, -1, 0),
	(17, 500, 53, 214.517, -892.89, 6.36973, -1, 0),
	(17, 500, 54, 172.518, -887.7, 4.73034, -1, 45),
	(17, 500, 55, 192.877, -809.711, 34.0915, -1, 0),
	(17, 500, 56, 196.195, -797.705, 36.104, -1, 0),
	(17, 500, 57, 224.1, -696.752, 6.68944, -1, 0),
	(17, 500, 58, 228.767, -679.86, 8.51462, -1, 0),
	(17, 500, 59, 251.379, -598.091, 60.3883, -1, 0),
	(17, 500, 60, 279.551, -496.183, 78.2825, -1, 0),
	(17, 500, 61, 306.648, -398.159, 9.33389, -1, 0),
	(17, 500, 62, 325.227, -330.97, -3.25961, -1, 45),
	(17, 500, 63, 335.888, -292.422, -7.89704, -1, 0),
	(17, 500, 64, 379.096, -136.201, 11.5232, -1, 0),
	(17, 500, 65, 389.676, -97.9413, 18.2863, -1, 0),
	(17, 500, 66, 419.164, 8.66867, 0.101603, -1, 0),
	(17, 500, 67, 458.305, 150.151, 15.7083, -1, 0),
	(17, 500, 68, 463.503, 168.952, 10.329, -1, 45),
	(17, 500, 69, 416.666, 136.686, 18.3318, -1, 0),
	(17, 500, 70, 346.238, 102.316, 17.7672, -1, 0),
	(17, 500, 71, 248.342, 50.0367, 4.96, -1, 0),
	(17, 500, 72, 214.852, 35.7689, 7.76929, -1, 0),
	(17, 500, 73, 138.002, 1.70754, -7.22112, -1, 0),
	(17, 500, 74, 100.584, -14.8766, -0.200838, -1, 0),
	(17, 500, 75, -80.5812, -95.1741, 51.113, -1, 0),
	(17, 500, 76, -218.068, -156.106, 99.7091, -1, 45),
	(17, 500, 77, -290.745, -156.593, 96.2531, -1, 0),
	(17, 500, 78, -355.834, -164.386, 75.9212, -1, 0),
	(17, 500, 79, -463.56, -173.645, 7.51179, -1, 0),
	(17, 500, 80, -488.832, -175.816, 24.9062, -1, 0),
	(17, 500, 81, -567.612, -182.59, 15.4589, -1, 0),
	(17, 500, 82, -600.623, -164.301, 15.1769, -1, 15),
	(18, 500, 1, -504.887, 289.098, 28.7965, -1, 30),
	(18, 500, 2, -530.337, 160.846, 100.439, -1, 0),
	(18, 500, 3, -541.722, 103.453, 101.349, -1, 0),
	(18, 500, 4, -555.387, 34.4929, 33.7305, -1, 0),
	(18, 500, 5, -622.155, -43.5736, -5.60619, -1, 45),
	(18, 500, 6, -564.165, -76.8203, 29.3113, -1, 0),
	(18, 500, 7, -488.21, -127.54, 31.0264, -1, 0),
	(18, 500, 8, -448.507, -154.051, -3.38528, -1, 0),
	(18, 500, 9, -323.606, -166.332, 90.585, -1, 0),
	(18, 500, 10, -158.26, -143.864, 87.8222, -1, 45),
	(18, 500, 11, -72.106, -94.1973, 50.4888, -1, 0),
	(18, 500, 12, 101.954, -0.541097, -5.12883, -1, 0),
	(18, 500, 13, 208.571, 49.8897, 15.8429, -1, 0),
	(18, 500, 14, 259.411, 53.3235, 3.3367, -1, 0),
	(18, 500, 15, 395.716, 94.7561, 24.547, -1, 45),
	(18, 500, 16, 415.507, 201.157, -0.269073, -1, 0),
	(18, 500, 17, 439.798, 372.527, 23.5016, -1, 0),
	(18, 500, 18, 311.019, 370.705, 16.7694, -1, 0),
	(18, 500, 19, 284.019, 373.686, 28.9374, -1, 0),
	(18, 500, 20, 201.409, 382.826, 95.753, -1, 0),
	(18, 500, 21, 110.713, 402.342, 142.256, -1, 0),
	(18, 500, 22, 10.9899, 446.108, 92.8451, -1, 0),
	(18, 500, 23, -24.6205, 464.569, 61.4993, -1, 0),
	(18, 500, 24, -89.948, 482.196, 32.3863, -1, 45),
	(18, 500, 25, -170.47, 421.214, 15.1723, -1, 0),
	(18, 500, 26, -231.911, 301.899, -1.26146, -1, 0),
	(18, 500, 27, -286.342, 233.327, 20.6466, -1, 0),
	(18, 500, 28, -311.518, 201.855, 44.8484, -1, 0),
	(18, 500, 29, -380.953, 102.084, 61.9725, -1, 45),
	(18, 500, 30, -445.222, 127.451, 90.7617, -1, 0),
	(18, 500, 31, -480.602, 201.818, 97.417, -1, 0),
	(18, 500, 32, -505.679, 287.454, 29.0034, -1, 15),
	(19, 500, 1, -208.264, 884.106, 165.911, -1, 5),
	(19, 500, 2, -219.724, 901.71, 171.12, -1, 0),
	(19, 500, 3, -284.15, 1000.71, 173.923, -1, 0),
	(19, 500, 4, -324.672, 1062.98, 169.503, -1, 45),
	(19, 500, 5, -291.115, 1084.17, 164.565, -1, 0),
	(19, 500, 6, -192.738, 1146.3, 186.664, -1, 0),
	(19, 500, 7, -70.6164, 1223.44, 190.031, -1, 0),
	(19, 500, 8, 13.034, 1284.48, 175.405, -1, 0),
	(19, 500, 9, 51.2606, 1301.37, 190.682, -1, 0),
	(19, 500, 10, 123.909, 1324.09, 211.645, -1, 0),
	(19, 500, 11, 241.228, 1348.81, 209.644, -1, 0),
	(19, 500, 12, 301.768, 1346.47, 204.884, -1, 0),
	(19, 500, 13, 337.74, 1350.04, 224.148, -1, 0),
	(19, 500, 14, 408.88, 1354.5, 229.319, -1, 0),
	(19, 500, 15, 445.677, 1357.15, 211.252, -1, 0),
	(19, 500, 16, 538.984, 1357.58, 229.552, -1, 0),
	(19, 500, 17, 607.823, 1350.57, 232.333, -1, 0),
	(19, 500, 18, 648.632, 1352.03, 214.423, -1, 0),
	(19, 500, 19, 922.409, 1345.71, 200.186, -1, 45),
	(19, 500, 20, 1079.36, 1302.03, 90.4786, -1, 0),
	(19, 500, 21, 1269.79, 1236.16, 60.5015, -1, 45),
	(19, 500, 22, 1283.11, 1203.82, 59.8743, -1, 0),
	(19, 500, 23, 1319.69, 1115.14, 105.554, -1, 0),
	(19, 500, 24, 1373.15, 1066.58, 126.803, -1, 0),
	(19, 500, 25, 1356.38, 906.364, 117.237, -1, 0),
	(19, 500, 26, 1329.74, 810.381, 59.8536, -1, 0),
	(19, 500, 27, 1305.86, 724.32, 28.5376, -1, 0),
	(19, 500, 28, 1275.8, 668.099, 21.0435, -1, 0),
	(19, 500, 29, 1241.72, 602.547, 23.43, -1, 45),
	(19, 500, 30, 1210.26, 599.442, 22.5081, -1, 0),
	(19, 500, 31, 1110.9, 589.63, 41.2951, -1, 0),
	(19, 500, 32, 1096.48, 588.2, 33.7328, -1, 0),
	(19, 500, 33, 1019.62, 580.609, 40.111, -1, 0),
	(19, 500, 34, 912.728, 570.05, 37.7344, -1, 0),
	(19, 500, 35, 873.832, 566.208, 23.8524, -1, 0),
	(19, 500, 36, 808.639, 559.763, 26.5256, -1, 0),
	(19, 500, 37, 764.375, 555.391, 43.7818, -1, 0),
	(19, 500, 38, 651.663, 544.249, 55.399, -1, 0),
	(19, 500, 39, 605.316, 539.673, 69.4566, -1, 45),
	(19, 500, 40, 604.457, 703.767, 172.401, -1, 0),
	(19, 500, 41, 610.784, 876.639, 192.541, -1, 45),
	(19, 500, 42, 511.919, 806.439, 189.276, -1, 0),
	(19, 500, 43, 414.352, 741.216, 183.406, -1, 0),
	(19, 500, 44, 356.059, 702.238, 168.147, -1, 0),
	(19, 500, 45, 205.871, 601.816, 84.0202, -1, 0),
	(19, 500, 46, 112.37, 539.27, 112.674, -1, 0),
	(19, 500, 47, 53.3326, 499.806, 106.086, -1, 0),
	(19, 500, 48, -92.9844, 402.009, 13.9467, -1, 0),
	(19, 500, 49, -243.797, 301.201, -0.907256, -1, 45),
	(19, 500, 50, -223.437, 269.902, 8.56973, -1, 0),
	(19, 500, 51, -190.563, 219.368, -4.48974, -1, 0),
	(19, 500, 52, -95.9558, 82.4728, -7.84782, -1, 0),
	(19, 500, 53, -22.6607, 3.57246, -8.43752, -1, 0),
	(19, 500, 54, 40.6189, -64.5465, 32.0667, -1, 0),
	(19, 500, 55, 69.4842, -95.6186, 24.0517, -1, 0),
	(19, 500, 56, 139.784, -171.294, 66.2122, -1, 45),
	(19, 500, 57, 205.564, -106.822, 22.042, -1, 0),
	(19, 500, 58, 278.2, -26.6654, 2.58887, -1, 0),
	(19, 500, 59, 290.516, -1.41898, -3.37721, -1, 0),
	(19, 500, 60, 340.961, 101.991, 16.9507, -1, 0),
	(19, 500, 61, 368.728, 158.904, 5.05377, -1, 0),
	(19, 500, 62, 409.512, 203.963, -0.265874, -1, 0),
	(19, 500, 63, 469.729, 320.955, 28.2946, -1, 45),
	(19, 500, 64, 443.008, 341.794, 20.0577, -1, 0),
	(19, 500, 65, 310.502, 445.112, 32.7063, -1, 0),
	(19, 500, 66, 273.269, 468.672, 67.625, -1, 0),
	(19, 500, 67, 215.938, 505.893, 93.1495, -1, 0),
	(19, 500, 68, 156.785, 547.513, 109.605, -1, 0),
	(19, 500, 69, 92.7833, 592.551, 81.197, -1, 0),
	(19, 500, 70, -19.3566, 671.491, 141.677, -1, 0),
	(19, 500, 71, -77.0426, 712.105, 162.206, -1, 0),
	(19, 500, 72, -150.3, 798.383, 161.129, -1, 0),
	(19, 500, 73, -209.078, 883.013, 165.095, -1, 40),
	(20, 500, 1, -689.475, -398.151, 11.0322, -1, 20),
	(20, 500, 2, -734.881, -497.34, 32.6444, -1, 0),
	(20, 500, 3, -773.873, -582.495, -5.47439, -1, 0),
	(20, 500, 4, -827.183, -698.914, 110.905, -1, 0),
	(20, 500, 5, -886.863, -829.252, 45.9892, -1, 45),
	(20, 500, 6, -780.686, -894.602, -3.61041, -1, 0),
	(20, 500, 7, -720.788, -931.463, 3.37015, -1, 0),
	(20, 500, 8, -673.22, -951.825, -3.71631, -1, 0),
	(20, 500, 9, -579.694, -991.834, 9.61522, -1, 0),
	(20, 500, 10, -492.609, -1029.09, 5.8122, -1, 0),
	(20, 500, 11, -440.566, -1051.32, 51.8907, -1, 0),
	(20, 500, 12, -416.108, -1061.76, 51.5264, -1, 45),
	(20, 500, 13, -414.425, -1016.44, 86.6213, -1, 0),
	(20, 500, 14, -410.102, -899.624, 111.848, -1, 0),
	(20, 500, 15, -407.004, -816.027, -11.2825, -1, 45),
	(20, 500, 16, -318.198, -753.676, -7.28386, -1, 0),
	(20, 500, 17, -237.483, -698.279, -6.68287, -1, 45),
	(20, 500, 18, -262.602, -670.803, 6.77256, -1, 0),
	(20, 500, 19, -293.016, -641.816, -3.35355, -1, 0),
	(20, 500, 20, -366.023, -572.235, 37.2476, -1, 0),
	(20, 500, 21, -390.85, -548.561, 20.4925, -1, 0),
	(20, 500, 22, -408.927, -531.331, 16.2282, -1, 0),
	(20, 500, 23, -445.014, -496.939, -0.488947, -1, 45),
	(20, 500, 24, -516.957, -464.72, 1.57471, -1, 0),
	(20, 500, 25, -589.894, -438.58, -0.545537, -1, 0),
	(20, 500, 26, -688.328, -397.759, 10.9871, -1, 25),
	(21, 500, 1, -820.209, 283.202, 28.6045, -1, 15),
	(21, 500, 2, -814.186, 403.568, 25.9781, -1, 0),
	(21, 500, 3, -810.369, 479.87, 4.47313, -1, 0),
	(21, 500, 4, -799.767, 691.579, 14.5576, -1, 0),
	(21, 500, 5, -794.66, 793.557, 17.5215, -1, 45),
	(21, 500, 6, -709.428, 780.868, 27.677, -1, 0),
	(21, 500, 7, -586.325, 729.414, 66.9272, -1, 0),
	(21, 500, 8, -486.216, 701.671, 102.966, -1, 0),
	(21, 500, 9, -389.503, 700.509, 138.539, -1, 0),
	(21, 500, 10, -292.986, 705.463, 114.893, -1, 0),
	(21, 500, 11, -74.5304, 806.949, 173.506, -1, 45),
	(21, 500, 12, -95.9902, 904.038, 188.279, -1, 0),
	(21, 500, 13, -110.914, 981.898, 168.276, -1, 0),
	(21, 500, 14, -140.504, 1102.94, 177.027, -1, 0),
	(21, 500, 15, -149.938, 1142.66, 191.167, -1, 0),
	(21, 500, 16, -179.984, 1224.76, 181.312, -1, 45),
	(21, 500, 17, -191.288, 1226.42, 181.276, -1, 0),
	(21, 500, 18, -286.269, 1240.36, 160.936, -1, 0),
	(21, 500, 19, -341.225, 1248.43, 144.843, -1, 0),
	(21, 500, 20, -497.557, 1271.4, 74.801, -1, 0),
	(21, 500, 21, -579.646, 1266.73, 63.9811, -1, 45),
	(21, 500, 22, -599.695, 1200.88, 67.3997, -1, 0),
	(21, 500, 23, -629.782, 1101.48, 50.564, -1, 0),
	(21, 500, 24, -652.585, 1026.13, 59.5729, -1, 0),
	(21, 500, 25, -690.771, 900.043, 65.4342, -1, 0),
	(21, 500, 26, -719.844, 804, 28.0998, -1, 0),
	(21, 500, 27, -840.607, 685.976, 29.9037, -1, 45),
	(21, 500, 28, -836.144, 655.36, 33.13, -1, 0),
	(21, 500, 29, -810.33, 481.913, 4.46022, -1, 0),
	(21, 500, 30, -817.159, 401.798, 26.6428, -1, 0),
	(21, 500, 31, -819.846, 282.234, 28.5647, -1, 30),
	(22, 500, 1, -351.963, -539.331, 31.7888, -1, 45),
	(22, 500, 2, -352.958, -498.591, 17.8185, -1, 0),
	(22, 500, 3, -355.425, -397.673, 41.8622, -1, 0),
	(22, 500, 4, -357.866, -297.756, 117.892, -1, 0),
	(22, 500, 5, -358.432, -274.517, 117.988, -1, 45),
	(22, 500, 6, -367.157, -274.517, 116.344, -1, 0),
	(22, 500, 7, -390.68, -274.517, 106.625, -1, 0),
	(22, 500, 8, -501.004, -274.517, 43.9737, -1, 0),
	(22, 500, 9, -686.981, -289.209, 35.9108, -1, 0),
	(22, 500, 10, -778.37, -302.748, 6.98853, -1, 45),
	(22, 500, 11, -743.913, -343.658, -2.15992, -1, 0),
	(22, 500, 12, -698.727, -397.308, 5.96937, -1, 0),
	(22, 500, 13, -693.816, -403.138, 12.749, -1, 0),
	(22, 500, 14, -615.004, -496.701, 7.18843, -1, 0),
	(22, 500, 15, -585.226, -532.034, 19.0083, -1, 0),
	(22, 500, 16, -555.974, -595.186, 48.6324, -1, 0),
	(22, 500, 17, -555.974, -660.49, 40.6508, -1, 0),
	(22, 500, 18, -555.974, -768.148, 3.24794, -1, 45),
	(22, 500, 19, -555.974, -855.985, -1.29315, -1, 0),
	(22, 500, 20, -566.739, -976.241, 15.6067, -1, 0),
	(22, 500, 21, -552.837, -1049.21, 1.93367, -1, 45),
	(22, 500, 22, -491.039, -1023.82, 6.68384, -1, 0),
	(22, 500, 23, -386.437, -986.348, 116.836, -1, 0),
	(22, 500, 24, -325.873, -899.272, 101.837, -1, 0),
	(22, 500, 25, -249.393, -796.104, 3.16638, -1, 0),
	(22, 500, 26, -222.047, -759.214, -1.60173, -1, 45),
	(22, 500, 27, -182.418, -765.571, -5.2687, -1, 0),
	(22, 500, 28, -66.9416, -784.106, 11.2992, -1, 0);

INSERT INTO `doors` (`id`, `doorid`, `zone`, `version`, `name`, `pos_y`, `pos_x`, `pos_z`, `heading`, `opentype`, `guild`, `lockpick`, `keyitem`, `nokeyring`, `altkeyitem`, `triggerdoor`, `triggertype`, `disable_timer`, `doorisopen`, `door_param`, `dest_zone`, `dest_instance`, `dest_x`, `dest_y`, `dest_z`, `dest_heading`, `invert_state`, `incline`, `size`, `buffer`, `client_version_mask`, `is_ldon_door`)
VALUES
	(35877, 2, 'oldlavastorm', 0, 'SOLPLUG', 1365, 331, 122, 0, 58, 0, 0, 0, 0, 0, 0, 0, 0, 0, 0, 'NONE', 0, 0, 0, 0, 0, 0, 0, 100, 0, 4294967295, 0),
	(35878, 3, 'oldlavastorm', 0, 'SOLPLUG', 1370, 331, 145.1, 0, 58, 0, 0, 0, 0, 0, 0, 0, 0, 0, 0, 'soltemple', 0, 56, 250, 3, 0, 0, 0, 100, 0, 4294967295, 0),
	(35879, 4, 'oldlavastorm', 0, 'SOLPLUG', 908, 484, 15.4, 0, 58, 0, 0, 0, 0, 0, 0, 0, 0, 0, 0, 'NONE', 0, 0, 0, 0, 0, 0, 0, 100, 0, 4294967295, 0);
